Name,RA,Dec,Vmag,SpType,B-V,Ebv,Miles,Sp_s,Melchiors
ADS 10750 AB,266.14458333333334,2.578888888888889,6.16,A0IV,90.0,,,,oui
ADS 14279 AB,311.6633333333333,16.124169444444444,4.3,K0,90.0,,,,oui
ADS 14636 AB,316.72749999999996,38.74583055555556,5.2,K5V,90.0,,,,oui
BD+16   355A,42.32499999999999,17.45,5.34,B6,-0.11,,,,oui
BD+21   459,51.66375,21.9502,7.92,K7,1.68,,,,oui
CCDM J00336-2606AB,8.402083333333334,-26.09256111111111,7.3,K4,90.0,,,,oui
CCDM J06237+0436AB,95.9425,4.5938888888888885,4.31,A7IV+F4V,0.2,,,,oui
CCDM J15387-0848AB,234.66749999999996,-8.791580555555555,6.4,F6.5V+F7V,90.0,,,,oui
GJ   426.1 B,170.98416666666665,10.528311111111112,6.71,G3V,0.91,,,,oui
GJ   656.1 A,257.6,-15.73306111111111,2.46,A2(V),0.1,,,,oui
GJ   656.1 B,257.6,-15.733330555555556,3.26,A3(V),0.1,,,,oui
GJ  9728 A,318.7012083333333,38.05168888888888,3.83,F2+ V,0.4,,,,oui
HD 00319,1.99358333333333,-22.5086111111111,5.942,A1V,,0.01,s0006,A1,
HD 00886,3.49212083333333,15.1836111111111,2.83,B2IV,,0.02,s0011,B2,
HD 02628,7.74516666666667,29.7516111111111,5.219,A7III,,0.01,s0015,A7,
HD 03883,10.49525,24.629,6.061,A7m,,0.02,s0027,A7,
HD 100029,172.85083333333333,69.33108888888889,3.85,M0III-IIIaCa1,1.62,,,,oui
HD 100030,172.72041666666664,47.92891944444444,6.4,G8IV,90.0,,,,oui
HD 10014,24.661249999999995,44.144419444444445,7.97,A9II,0.35,,,,oui
HD 100203A,173.08624999999998,61.081700000000005,5.64,F4V,0.47,,,,oui
HD 100286,173.06666666666666,-29.26331111111111,5.67,F8V,0.52,,,,oui
HD 100287,173.0683333333333,-29.261030555555557,5.58,F8V,0.53,,,,oui
HD 100600,173.677042666667,16.7969154444444,5.94,B4V,-0.16,0.02,,B4,
HD 100673,173.690232541667,-54.2640922222222,4.614,B9Ve,-0.066,0.0,,B9,
HD 100889,174.170472291667,-9.80224755555556,4.682,"B9,5Vn",-0.056,0.01,,"B9,5",
HD 100920,174.23708333333332,-0.82375,4.3,G9IIIbFe-0.5,1.01,,,,oui
HD 101153,174.61499999999998,8.13431111111111,5.36,M4.5:III,1.57,,,,oui
HD 101259,174.75166666666667,-24.721080555555552,6.42,G6/8V,0.82,,,,oui
HD 1013,3.650833333333333,20.206688888888888,4.8,M2+III,1.58,,,,oui
HD 101431,175.053290416667,-34.74465925,4.693,B9V,-0.07,0.0,,B9,
HD 10144 ,24.4285228333333,-57.2367528055556,0.5,B6Vep,-0.2,-0.06,,B6,
HD 101501,175.26249999999996,34.201638888888894,5.34,G8V,0.74,,,,oui
HD 101606,175.39291666666665,31.74606111111111,5.75,F5,0.41,,,,oui
HD 101615,175.332460708333,-43.0956663055556,5.531,A0V,0.041,0.05,,A0,
HD 101695,175.5145833333333,-20.294169444444446,6.2,G8IV,0.96,,,,oui
HD 101841,175.84541666666667,28.055219444444447,7.7,F2IV,0.3,,,,oui
HD 10205,25.144999999999996,40.577061111111114,4.94,B5III,-0.09,,,,oui
HD 102124,176.321001125,8.25811527777778,4.84,A4V,0.16,0.04,,A4,oui
HD 102224,176.5125,47.77941944444444,3.72,K0.5IIIb:,1.18,,,,oui
HD 102249,176.4017465,-66.7287622222222,3.634,A7V,0.162,-0.04,,A7,
HD 102272,176.59791666666666,14.124,8.71,K2,1.0,,,,oui
HD 10250 ,25.7327673333333,70.6225248333333,5.177,B9V,-0.022,0.05,,B9,
HD 102509,176.996399791667,20.2189305555556,4.537,"A7V+,,,",0.516,0.32,,A7,
HD 102510,176.97875,8.245888888888889,5.32,A1V,0.03,,,,oui
HD 102582,177.11041666666665,-23.090580555555555,7.44,G6IV,0.77,,,,oui
HD 102590A,177.16,14.284280555555556,5.94,A8V,0.25,,,,oui
HD 10262,25.145416666666662,8.760780555555556,6.34,F2,0.39,,,,oui
HD 102620,177.18791666666667,-26.749780555555557,5.11,M4+III,1.6,,,,oui
HD 102647,177.26499999999996,14.572061111111111,2.13,A3Va,0.09,,,,oui
HD 102713,177.42374999999998,34.93175,5.72,F7IV,0.46,,,,oui
HD 102776,177.421085833333,-63.7884791388889,4.313,B3Vne,-0.139,0.06,,B3,
HD 102857,177.65125,43.65893888888889,7.9,G6III,0.76,,,,oui
HD 102870,177.67375,1.7647194444444445,3.6,F9V,0.55,,,,oui
HD 10307,25.446249999999996,42.61336111111111,4.96,G1V,0.62,,,,oui
HD 103079,177.96344125,-65.2059070277778,4.929,B4V,-0.126,0.05,,B4,
HD 10308,25.326666666666664,25.745719444444447,6.2,F7V,0.44,,,,oui
HD 103101,178.042828708333,-56.9877424722222,5.563,A2V,0.058,0.01,,A2,
HD 103287,178.457697166667,53.6947597222222,2.44,A0Ve+K2V,0.01,0.02,,A0,oui
HD 10332,25.65333333333333,60.548049999999996,6.97,K2II,1.31,,,,oui
HD 103578,178.918889416667,15.6468175555556,5.531,A3V,0.109,0.03,,A3,
HD 103578,178.9945,15.6468055555556,5.531,A3V,,0.03,s0424,A3,
HD 10362,25.742916666666662,61.421080555555555,6.32,B7III,0.0,,,,oui
HD 103632,179.003971791667,-17.15082725,5.168,A0V,-0.022,-0.01,,A0,
HD 1038,3.6599999999999997,-18.932861111111112,4.46,M1III,1.66,,,,oui
HD 103877,179.495666666667,17.4678055555556,6.78,Am,,0.1,s0425,Am,
HD 103884,179.416700791667,-62.4487463055556,5.552,B3V,-0.148,0.05,,B3,
HD 103932,179.48416666666662,-27.70706111111111,6.96,K4+V,1.15,,,,oui
HD 104055,179.76374999999996,0.5306694444444445,6.18,K2/3III,1.26,,,,oui
HD 104067,179.79166666666663,-20.353780555555556,7.92,K2V,0.98,,,,oui
HD 104174,179.906568083333,-78.2218383055556,4.898,B9Vn,-0.048,0.02,,B9,
HD 104179,179.98916666666665,34.034749999999995,6.49,A9III,0.22,,,,oui
HD 104181,179.987137208333,3.65519836111111,5.357,A0V,0.006,0.02,,A0,
HD 104304,180.18541666666664,-10.446,5.55,G8IV,0.77,,,,oui
HD 104318,180.2120833333333,32.96388888888889,7.45,F4,0.42,,,,oui
HD 104321,180.218293416667,6.61432141666667,4.64,A5V,0.11,-0.03,,A5,oui
HD 104452,180.4345833333333,22.0943,6.58,G0IIb:Fe-1,0.64,,,,oui
HD 104600,180.657053583333,-69.1922869444444,5.878,B9V,-0.068,0.0,,B9,
HD 104755,180.935,5.5577499999999995,6.39,F5,90.0,,,,oui
HD 10476,25.624166666666664,20.2685,5.24,K1V,0.84,,,,oui
HD 104835,181.07124999999996,-21.039169444444447,7.83,A2II,0.32,,,,oui
HD 10486,25.818749999999998,45.32263888888889,6.32,K2IV,1.04,,,,oui
HD 10497,25.911666666666665,52.885780555555556,6.74,A9IIIa,0.43,,,,oui
HD 104985,181.31291666666664,76.90571944444444,5.8,G8.5IIIb,90.0,,,,oui
HD 10516 ,25.915158,50.6887313333333,4.09,B2Vpe,-0.09,0.15,,B2,
HD 10538 ,25.5124740416667,-36.8323054166667,5.706,A1V,-0.003,-0.02,,A1,
HD 105416,182.061299916667,-48.69248575,5.334,B9V,-0.015,0.06,,B9,
HD 105424,182.06416666666664,30.27536111111111,7.56,K5III,1.54,,,,oui
HD 105452,182.10333333333332,-24.728861111111108,4.0,F1V,0.34,,,,oui
HD 105707,182.53124999999997,-22.619780555555558,2.98,K2+IIIa,1.34,,,,oui
HD 105805,182.692068125,27.2815069722222,5.999,A4Vn,0.117,0.0,,A4,
HD 105850,182.765996,-23.6024222777778,5.47,A1V,0.05,0.03,,A1,
HD 105913,182.84541666666667,-16.79083055555556,7.1,G6V+G7V,90.0,,,,oui
HD 105937,182.912990416667,-52.3684564444445,3.951,B3V,-0.142,0.06,,B3,
HD 1061,3.7449999999999997,8.820969444444444,6.01,F0,0.31,,,,oui
HD 106152,183.21624999999997,31.79613888888889,7.8,F7,0.47,,,,oui
HD 1061B,3.747083333333333,8.818280555555555,7.54,A7,0.38,,,,oui
HD 106384,183.5645833333333,-5.716611111111111,6.56,A8/9V,0.25,,,,oui
HD 1064  ,3.72714758333333,-9.56956952777778,5.757,B9V,-0.067,0.0,,B9,
HD 106556,183.81499999999997,47.115500000000004,7.3,K0III,0.98,,,,oui
HD 106591,183.856502625,57.0326154444444,3.32,A2Vn,0.09,0.01,,A3,oui
HD 106625,183.95166666666663,-17.541919444444446,2.58,B8III,-0.11,,,,oui
HD 106661,184.000773708333,14.8990693333333,5.09,A3V,0.06,-0.02,,A3,
HD 106884,184.3733333333333,53.19133055555555,5.81,K6III,1.3,,,,oui
HD 106911,184.586769125,-79.3122419444444,4.235,B5Vn,-0.115,0.05,,B5,
HD 10697,26.232499999999998,20.08313888888889,6.28,G3Va,0.71,,,,oui
HD 106976,184.54,-3.948780555555556,5.99,F1VkF2mF3,0.35,,,,oui
HD 106983,184.6093655,-64.0030702222222,4.05,"B2,5V",-0.15,0.09,,"B2,5",
HD 10700,26.01708333333333,-15.937469444444444,3.5,G8V,0.72,,,,oui
HD 107054,184.63166666666666,30.24906111111111,6.23,A9.5III,0.29,,,,oui
HD 107070,184.66799075,-0.787184777777778,5.908,A5Vn,0.155,0.0,,A5,
HD 107193,184.708268666667,75.1605613055556,5.465,A1V,0.051,0.03,,A1,
HD 107259,184.97666666666663,-0.666811111111111,3.9,A2IV,0.02,,,,oui
HD 107348,185.140175,-22.2159002777778,5.22,B8V,-0.11,0.0,,B8,
HD 107398,185.17249999999999,27.054561111111113,7.0,F2,90.0,,,,oui
HD 107566,185.530583416667,-67.5221075277778,5.161,A5V,0.173,0.02,,A5,
HD 107569,185.43791666666664,21.87275,7.42,F8III,0.51,,,,oui
HD 107696,185.705966333333,-57.67613125,5.37,B9V,-0.092,-0.02,,B9,
HD 107700,185.62625,25.846169444444442,4.81,F6III+A3V,0.49,,,,oui
HD 10780,26.936666666666664,63.8525,5.63,K0V,0.81,,,,oui
HD 107814,185.82874999999999,-11.812111111111111,6.49,M2III,1.6,,,,oui
HD 107860,185.936434916667,-38.9113824166667,5.785,B9V,-0.064,0.01,,B9,
HD 107950,186.00624999999997,51.56225,4.76,G7IIIBa0.3,0.88,,,,oui
HD 107966,186.077171875,26.0986207222222,5.18,A3V,0.08,0.0,,A3,
HD 108,1.5141666666666664,63.67966944444444,7.4,O4-8f?p,0.18,,,,oui
HD 108107,186.299020208333,-11.610589,5.949,A1V,0.04,0.02,,A1,
HD 108225,186.4620833333333,39.01861111111111,5.01,G9III,0.94,,,,oui
HD 108249,186.650629166667,-63.09920555555556,2.09,B1V,0.21,0.47,,B1,
HD 108257,186.632331458333,-51.4506360833333,4.805,B3Vn,-0.14,0.06,,B3,
HD 108323,186.715375,-32.8301216388889,5.565,B9V,0.006,0.08,,B9,
HD 108382,186.747071208333,26.8257000277778,4.96,A4V,0.09,-0.02,,A4,oui
HD 10845,26.64708333333333,17.412688888888887,6.55,A9III,0.25,,,,oui
HD 108477,186.95583333333332,-16.631830555555556,6.29,G4III,0.87,,,,oui
HD 108483,187.009925333333,-50.2306353333333,3.897,B2V,-0.178,0.06,,B2,
HD 108541,187.09360375,-39.0411713333333,5.448,B8V,-0.066,0.04,,B8,
HD 108652,187.18874999999997,19.951830555555556,7.67,F4,0.44,,,,oui
HD 108722,187.36249999999998,24.108919444444446,5.47,F5IV,0.43,,,,oui
HD 108765,187.430165583333,20.8961083888889,5.68,A3V,0.087,0.01,,A3,
HD 108767,187.46624999999997,-16.515438888888887,2.94,A0IV(n)kB9,-0.05,,,,oui
HD 108807,187.48124999999996,24.338530555555554,7.88,F5V,0.41,,,,oui
HD 108846,187.5520833333333,39.247080555555556,7.7,F6,90.0,,,,oui
HD 108907,187.52791666666664,69.20111111111112,4.95,M3+IIIa,1.62,,,,oui
HD 109005,187.90208333333334,-11.07225,7.9,A2/4V,0.23,,,,oui
HD 109026,188.116722625,-72.1329888055556,3.83,B5V,-0.136,0.02,,B5,
HD 109029,187.8783333333333,33.015030555555555,7.4,F4,0.43,,,,oui
HD 109031,187.89041666666665,21.576830555555556,7.89,F3,0.4,,,,oui
HD 109085,188.01749999999998,-16.196,4.29,F2V,0.36,,,,oui
HD 109159,188.17166666666665,-17.220688888888887,7.97,G6IV,0.86,,,,oui
HD 109309,188.444782875,-9.45207708333333,5.48,A0V,-0.03,-0.02,,A0,
HD 109358,188.43541666666667,41.35746944444445,4.25,G0V,0.61,,,,oui
HD 109379,188.59666666666664,-23.39675,2.64,G5IIBa0.3,0.88,,,,oui
HD 10939 ,26.52609775,-53.5220355277778,5.039,A1V,0.029,0.01,,A1,
HD 109485,188.71291666666664,22.62925,4.77,A0IV,0.0,,,,oui
HD 109496,188.67708333333331,47.00738888888889,7.61,K3IV:,1.6,,,,oui
HD 109536,188.93971575,-41.0219456944444,5.127,A7V,0.21,0.01,,A7,
HD 109704,189.197309208333,-5.83190033333333,5.88,A3V,0.06,-0.02,,A3,
HD 109741,189.20291666666665,20.237780555555556,7.55,F6,0.48,,,,oui
HD 109787,189.425682375,-48.54130275,3.852,A2V,0.055,0.01,,A2,
HD 109799,189.42624999999998,-27.13888888888889,5.41,F2IV,0.33,,,,oui
HD 10982 ,27.0455667916667,16.9555491111111,5.854,"B9,5V",-0.037,0.03,,"B9,5",
HD 109839,189.41291666666666,38.68436111111111,7.34,F7,0.49,,,,oui
HD 10995,27.086666666666666,17.02275,7.29,G2IV,0.7,,,,oui
HD 110014,189.81166666666667,-7.995561111111111,4.64,K2+IIICN0.5,1.24,,,,oui
HD 11013,27.211249999999996,34.14263888888889,7.59,M6,1.52,,,,oui
HD 110196,190.07124999999996,21.51986111111111,7.98,F7,0.54,,,,oui
HD 11031 ,27.3147623333333,47.8969229722222,5.82,A3V,0.29,0.21,,A3,
HD 110379,190.41666666666666,-1.4495,3.44,F1-F2V,0.36,,,,oui
HD 110380,190.41583333333332,-1.4493305555555556,3.49,F0mF2V,0.36,,,,oui
HD 110411,190.471069083333,10.2356263333333,4.872,A0V,0.079,0.09,,A0,
HD 110423,190.487988625,6.80661744444444,5.572,A2V,0.002,-0.05,,A2,
HD 110462,190.39124999999999,62.713030555555555,6.02,A2III,0.04,,,,oui
HD 110506,190.788245708333,-56.1762252222222,5.985,"B7,5V",-0.073,0.06,,"B7,5",
HD 110879,191.570017083333,-68.1081156666667,3.07,"B2,5V",-0.16,0.08,,"B2,5",
HD 110956,191.594644166667,-56.4888157222222,4.612,B3V,-0.143,0.06,,B3,
HD 111155,191.76708333333332,13.616830555555556,7.91,F4,0.38,,,,oui
HD 111238,191.95333333333332,19.02431111111111,7.71,F6,0.49,,,,oui
HD 111270,191.828961875,62.7811531388889,5.89,A9V,0.2,-0.1,,A9,oui
HD 111397,192.225886833333,14.1225873888889,5.702,A1V,0.025,0.01,,A1,
HD 111469,192.322717125,27.552381,5.756,A2V,0.048,0.0,,A2,
HD 111588,192.741163,-52.7874244722222,5.711,A5V,0.119,-0.03,,A5,
HD 111604,192.544751166667,37.5169368611111,5.885,A3V,0.158,0.08,,A3,
HD 11170,27.48333333333333,7.223530555555556,7.4,G1IV,0.61,,,,oui
HD 11171,27.396249999999995,-10.686419444444445,4.68,F0V,0.32,,,,oui
HD 111718,192.80041666666665,19.161388888888887,7.21,F4,0.42,,,,oui
HD 111774,192.987210333333,-39.6804314444444,5.974,B8V,-0.083,0.03,,B8,
HD 111786,192.992625,-26.7383055555556,6.145,A0III,,0.02,s0453,A0,
HD 111840,192.83166666666665,57.73163888888889,7.7,M2,1.56,,,,oui
HD 111997,193.26583333333332,19.605061111111112,7.67,F7,0.46,,,,oui
HD 112014,192.277650333333,83.4178090555556,5.85,"A0V+,,,",0.01,0.02,,A0,
HD 112028,192.493166666667,83.4128888888889,5.311,A1 III,,0.07,s0451,A1,
HD 112033,193.32749999999996,21.242780555555555,4.91,G7III+F:,0.89,,,,oui
HD 112078,193.66326075,-59.1467008055556,4.602,B4Vne,-0.14,0.04,,B4,
HD 112091,193.653692916667,-57.1686704722222,5.113,B5Vne,-0.094,0.07,,B5,
HD 112127,193.4820833333333,26.779999999999998,6.88,C-R4IIIb,1.26,,,,oui
HD 112131,193.577750125,-11.6485686944444,5.999,A2V,0.065,0.02,,A2,
HD 112142,193.5883333333333,-9.539,4.8,M3-III,1.59,,,,oui
HD 112185,193.50708333333333,55.959830555555556,1.77,A1III-IVpkB9,-0.02,,,,oui
HD 112264,193.73541666666665,47.19671944444444,5.84,M5-III-IIIa,1.55,,,,oui
HD 112300,193.90083333333328,3.3974694444444444,3.38,M3+III,1.59,,,,oui
HD 112409,194.268135166667,-51.1987516111111,5.163,"B8,5V",-0.061,0.05,,"B8,5",
HD 11241 ,27.9971650833333,55.1473824166667,5.52,B1.5V,-0.18,0.09,,"B1,5",oui
HD 112413,194.00708333333333,38.31838888888889,2.88,A0VpSiEu,-0.12,,,,oui
HD 112413,194.242333333333,38.3183888888889,2.9,A0 spe,,0.01,s0456,A0,
HD 112846,194.914652375,-3.81192002777778,5.805,A3V,0.159,0.08,,A3,
HD 112989,195.06874999999997,30.785030555555558,4.88,G9IIICH-2CN-1,1.14,,,,oui
HD 113139,195.1820833333333,56.36633055555556,4.93,F2V,0.36,,,,oui
HD 113226,195.54416666666665,10.959138888888889,2.79,G8III-IIIb,0.92,,,,oui
HD 113314,195.888772,-49.5272643888889,4.83,A0V,0.027,0.04,,A0,
HD 113415A,195.95,-20.583330555555555,6.3,F8,0.55,,,,oui
HD 11353,27.865,-10.335030555555557,3.72,K0.5III,1.14,,,,oui
HD 113703,196.569600458333,-48.4632905555556,4.694,B5V,-0.13,0.03,,B5,
HD 113791,196.727664166667,-49.9062450833333,4.264,"B1,5V",-0.18,0.08,,"B1,5",
HD 113797,196.43514925,35.7988992777778,5.191,B9V,-0.058,0.01,,B9,
HD 113902,196.909516333333,-53.4597638333333,5.701,B8V,-0.061,0.05,,B8,
HD 11413 ,27.7268113333333,-50.2061379444445,5.943,A1V,0.143,0.12,,A1,
HD 11415,28.598749999999995,63.67011111111111,3.37,B3Vp_sh,-0.15,,,,oui
HD 114330,197.493458333333,-5.539,4.381,A1V,,0.02,s0461,A1,
HD 11443,28.270416666666662,29.578830555555555,3.42,F5III,0.48,,,,oui
HD 114520,197.7183333333333,21.23375,6.82,F5IV-VSr,0.46,,,,oui
HD 114570,198.203347791667,-66.2267471388889,5.905,"A0Vm,,,",0.045,0.05,,A0,
HD 114642,198.0145833333333,-16.198611111111113,5.04,F5.5V,0.46,,,,oui
HD 114710,197.98083333333332,27.865830555555558,4.25,F9.5V,0.59,,,,oui
HD 114762,198.0820833333333,17.51711111111111,7.3,F9VgF8mF4+M6?V,90.0,,,,oui
HD 114772,198.347303625,-50.6998263055556,5.908,B9V,-0.012,0.06,,B9,
HD 114911,198.812255125,-67.894591,4.774,B8V,-0.077,0.03,,B8,
HD 114961,198.5183333333333,-2.8069694444444444,6.85,M7III:,1.67,,,,oui
HD 114988,198.4358333333333,32.53043888888889,6.69,G1IIIFe-1,0.79,,,,oui
HD 11502 ,28.3825,19.2958333333333,4.59,A0Vnp_lB,-0.03,0.17,,B9,oui
HD 115080,198.7320833333333,-11.369419444444445,7.04,G1.5V,0.69,,,,oui
HD 115271,198.883137083333,40.8552002222222,5.778,A7V,0.182,-0.02,,A7,
HD 11529,28.999999999999996,68.68525000000001,4.97,B5III,-0.09,,,,oui
HD 115308,199.10625,-1.3905305555555556,6.68,F0IV/V,0.32,,,,oui
HD 115322,199.09958333333333,6.504611111111111,7.21,M6III,1.42,,,,oui
HD 115521,199.40124999999998,5.469861111111111,4.8,M1III,1.67,,,,oui
HD 115604,199.38541666666663,40.572611111111115,4.7,A9IImF2,0.31,,,,oui
HD 115617,199.60125,-18.3112,4.74,G6.5V,0.7,,,,oui
HD 115659,199.73041666666666,-23.1715,3.0,G8IIIa,0.92,,,,oui
HD 115709,199.71291666666664,3.687638888888889,6.62,A0V,0.04,,,,oui
HD 115735,199.560456875,49.6820620555556,5.15,A0V,-0.07,-0.06,,A0,
HD 11577,28.82291666666666,57.09213888888889,7.71,B9.5IV,0.05,,,,oui
HD 115823,200.157604416667,-52.7478250555556,5.447,B6V,-0.119,0.02,,B6,
HD 115998,200.26999999999998,-24.470219444444442,6.89,K5/M0III,1.68,,,,oui
HD 116029,200.1645833333333,24.648699999999998,7.89,K1IV,1.0,,,,oui
HD 116087,200.658067166667,-60.9883938333333,4.505,B3V,-0.125,0.08,,B3,
HD 116160,200.423516125,2.08724280555556,5.693,A2V,0.042,-0.01,,A2,
HD 11636 ,28.6600457916667,20.8080314722222,2.65,kA4hA5mA5Va,0.13,-0.02,,A5,oui
HD 116656,200.981418666667,54.9253519722222,2.22,A1.5Vas,0.05,-0.03,,A2,oui
HD 116842,201.30624999999998,54.98795,4.01,A5V+M3-4V,0.17,,,,oui
HD 117043,201.49958333333328,63.26128055555556,6.5,G6V,90.0,,,,oui
HD 117105,202.12749999999997,-27.391861111111112,7.21,F9.5V,0.57,,,,oui
HD 117150,202.355224291667,-51.1651339722222,5.05,A1V,0.055,0.04,,A1,
HD 117176,202.1075,13.778780555555556,4.97,G4Va,0.71,,,,oui
HD 117242,201.9983333333333,52.745580555555556,6.34,F0,0.24,,,,oui
HD 117376,202.11286025,59.9457874722222,5.4,A1Vn,-0.01,-0.03,,A1,
HD 11753 ,28.591806125,-42.4969495277778,5.112,A3V,-0.048,-0.13,,A3,
HD 117675,202.99124999999998,-6.255811111111111,4.69,M2.5III,1.6,,,,oui
HD 118054,203.6685425,-13.2143254444444,5.922,A0V,0.018,0.03,,A0,
HD 118098,203.673296458333,-0.595819083333333,3.38,A2Van,0.12,0.0,,A3,oui
HD 118214,203.530437916667,55.3484353611111,5.594,A0V,-0.015,-0.01,,A0,
HD 118216,203.69916666666666,37.18241111111111,4.98,A6m,0.4,,,,oui
HD 118219,203.88041666666663,-5.396188888888889,5.71,K0III,0.95,,,,oui
HD 118232,203.613580333333,49.0159740277778,4.7,A4V,0.12,-0.03,,A5,oui
HD 118295,203.80875,44.19706111111111,6.83,A8.5III,0.21,,,,oui
HD 118354,204.347809333333,-46.4278816944444,5.891,B8V,-0.097,0.01,,B8,
HD 11857,29.638333333333332,61.69778055555555,6.0,B7I,-0.04,,,,oui
HD 11860,29.57708333333333,59.62595,6.64,A1IV,0.09,,,,oui
HD 118623,204.36499999999998,36.294888888888885,4.82,A7III+A8V:,0.23,,,,oui
HD 118643,204.41,33.73811111111111,7.22,K3III,1.35,,,,oui
HD 118991,205.436550708333,-54.5594243055556,5.01,B8Vn,-0.05,0.06,,B8,
HD 119024,204.876865041667,52.92120925,5.467,A3Vn,0.106,0.03,,A3,
HD 119055,205.168623416667,19.9557183055556,5.753,A1V,0.021,0.0,,A1,
HD 119149,205.4033333333333,-8.702969444444443,5.01,M1+III,1.63,,,,oui
HD 119228,205.18458333333328,54.681638888888884,4.66,M2III,1.63,,,,oui
HD 11946 ,29.90849025,64.6216006388889,5.283,A0Vn,0.001,0.01,,A0,
HD 119476,205.374553291667,64.8224105,5.85,A2V,0.08,0.03,,A2,
HD 11949,29.63958333333333,49.20436111111111,5.7,K0IV,1.0,,,,oui
HD 119638,206.1858333333333,-14.225188888888889,6.92,F8.5V,0.48,,,,oui
HD 11973,29.482083333333332,23.59606111111111,4.77,F0V,0.29,,,,oui
HD 119752,206.403709583333,-26.1160083611111,5.805,A0V,0.021,0.03,,A0,
HD 11979,29.684583333333332,45.435249999999996,9.3,M8,2.28,,,,oui
HD 119921,206.734801041667,-36.2519325833333,5.155,A0V,-0.008,0.0,,A0,
HD 120047,206.556439833333,41.0887437222222,5.891,A5V,0.193,0.04,,A5,
HD 120136,206.81541666666664,17.456919444444445,4.49,F7IV-V,0.49,,,,oui
HD 120315,206.885157333333,49.3132667222222,1.86,B3V,-0.19,0.1,,B3,oui
HD 120324,207.404119291667,-42.4737304444445,3.456,B2Vnpe,-0.182,0.06,,B2,
HD 120477,207.36916666666664,15.797919444444444,4.07,K5.5III,1.52,,,,oui
HD 120640,207.946729458333,-46.8986688611111,5.75,B2Vp,-0.151,0.09,,B2,
HD 120642,208.02025275,-52.8115301666667,5.248,B9V,-0.083,-0.01,,B9,
HD 120787,207.4395833333333,61.489311111111114,5.96,G3V,0.96,,,,oui
HD 12111,30.489583333333325,70.90703055555556,4.54,A3Va,0.16,,,,oui
HD 121130,207.85791666666663,64.72326944444444,4.66,M3.5III,1.57,,,,oui
HD 121146,207.74624999999997,68.31531111111111,6.4,K2IV,90.0,,,,oui
HD 121164,208.292840458333,28.6481331388889,5.911,A7V,0.187,-0.01,,A7,
HD 121190,208.800590916667,-52.1608216944444,5.654,B9V,-0.066,0.0,,B9,
HD 121370,208.67125,18.397719444444444,2.68,G0IV,0.57,,,,oui
HD 12140,29.857916666666664,12.294888888888888,6.08,A6V,0.2,,,,oui
HD 121409,208.462558291667,53.7286749722222,5.698,A0V,-0.032,-0.02,,A0,
HD 121607,209.116152166667,1.05058166666667,5.9,A5IV/V,0.22,-0.07,,A8,oui
HD 121847,209.62977675,-24.9722494166667,5.15,B8V,-0.1,0.01,,B8,
HD 121996,209.662175041667,21.69621525,5.756,A0Vs,-0.003,0.01,,A0,
HD 122064,209.38374999999996,61.49286111111111,6.5,K3V,90.0,,,,oui
HD 12208,30.496249999999996,61.90506111111111,7.51,M3/4III,1.58,,,,oui
HD 12216 ,30.85877575,72.4212938333333,3.94,A2V,0.01,-0.03,,A2,oui
HD 12235,30.038333333333327,3.0970305555555555,5.9,G2IV,90.0,,,,oui
HD 122365,210.335119875,8.89490708333333,5.981,A2V,0.081,0.03,,A2,
HD 122408,210.411639208333,1.54453180555556,4.24,A2IV/V,0.09,0.02,,A3,oui
HD 122563,210.63249999999996,9.686080555555556,6.19,G8:III:Fe-5,0.91,,,,oui
HD 12274,30.00125,-21.077830555555554,4.02,M0III,1.56,,,,oui
HD 122742,210.885,10.786780555555556,6.27,G6V,0.76,,,,oui
HD 12279 ,30.718652,64.9014635555556,5.999,A1Vn,0.027,0.01,,A1,
HD 12292,30.11166666666666,-8.523861111111112,5.51,M3II,1.52,,,,oui
HD 122980,211.511534333333,-41.179633,4.343,B2V,-0.186,0.05,,B2,
HD 123,1.5658333333333332,58.43671944444444,6.4,G3V+G8V,90.0,,,,oui
HD 12303,30.575416666666662,54.48753055555556,5.04,B8III,-0.08,,,,oui
HD 123123,211.59291666666664,-26.682361111111113,3.28,K2-IIIFe-0.5,1.13,,,,oui
HD 123255,211.67833333333328,-9.313530555555555,5.45,F2III,0.35,,,,oui
HD 123299,211.0970833333333,64.3758611111111,3.68,A0III,-0.04,,,,oui
HD 123299,211.242291666667,64.3758888888889,3.647,A0 III,,0.01,s0495,A0,
HD 123782,212.07208333333332,49.458169444444444,5.25,M1.5III,1.65,,,,oui
HD 123934,212.71041666666665,-16.302030555555557,4.91,M2IIIa,1.72,,,,oui
HD 124224,213.065856166667,2.4094315,5.01,"A0Vp,,,",-0.12,-0.11,,A0,
HD 124330,212.82166666666663,54.40913888888889,7.9,G4IV,90.0,,,,oui
HD 124367,213.738076583333,-57.0861262222222,5.044,B4Vne,-0.074,0.11,,B4,
HD 12446J,30.511666666666663,2.76375,4.1,kA0hA7Sr+kA2hF2mF2(IV),90.0,,,,oui
HD 124675,213.3708333333333,51.789969444444445,4.51,A7IV,0.23,,,,oui
HD 124683,213.850353916667,-18.2006910833333,5.53,A0V,0.0,0.01,,A0,
HD 12471 ,30.7414824583333,33.2841336944444,5.516,A2V,0.039,-0.01,,A2,
HD 124771,215.596519458333,-80.1089459166667,5.051,B4V,-0.107,0.07,,B4,
HD 124897,213.91541666666666,19.182419444444445,-0.05,K1.5IIIFe-0.5,1.23,,,,oui
HD 124915,214.08916666666667,-6.621561111111111,6.43,A7IV/V,0.28,,,,oui
HD 124953,214.01708333333332,18.91181111111111,5.96,A8V,0.27,,,,oui
HD 124953,214.017248333333,18.9006825,5.969,A8V,0.252,-0.02,,A8,
HD 125081,214.42416666666665,-21.828830555555555,7.35,F2II,0.43,,,,oui
HD 12509,31.256249999999998,64.38558055555556,7.14,B1III,0.26,,,,oui
HD 125161,214.041374791667,51.3672296388889,4.75,A7V,0.2,0.01,,A7,oui
HD 125283,214.849497708333,-37.0029066388889,5.932,A2Vn,0.077,0.03,,A2,
HD 125337,214.777468125,-13.3710960833333,4.52,A1V,0.14,0.12,,A1,
HD 125406,214.45499999999998,48.002,6.32,F5,0.46,,,,oui
HD 125451,214.81791666666663,13.004311111111111,5.4,F5IV,0.39,,,,oui
HD 125538,214.73208333333332,38.76741944444444,6.87,G9IV,1.07,,,,oui
HD 12558,30.913749999999993,25.935469444444443,5.69,F8V,0.46,,,,oui
HD 12573,30.798333333333325,0.1285,5.42,A3IV,0.16,,,,oui
HD 125745,215.5821645,-34.7867935555556,5.563,B8V,-0.087,0.02,,B8,
HD 126053,215.81374999999997,1.2415611111111111,6.27,G1.5V,0.63,,,,oui
HD 126129,215.844563583333,8.44662086111111,5.12,A0V,-0.02,-0.01,,A0,
HD 126200,216.003652958333,8.24397194444444,5.935,A3V,0.062,-0.02,,A3,
HD 126248,216.047268083333,5.82012997222222,5.103,A5V,0.125,-0.03,,A5,
HD 126251,216.17041666666663,-11.669699999999999,6.5,F3IV,90.0,,,,oui
HD 126327,216.04833333333332,25.703719444444445,8.6,M7.5-M8,0.63,,,,oui
HD 126381,216.26416666666663,5.6153305555555555,7.17,G4III,0.97,,,,oui
HD 126400,216.44916666666666,-26.85225,6.49,K0III,0.96,,,,oui
HD 126660,216.29916666666662,51.85075,4.05,F7V,0.51,,,,oui
HD 126769,217.04344325,-29.4916356666667,4.97,B7/8V,-0.07,0.04,,B8,oui
HD 126868,217.05041666666665,-2.227938888888889,4.84,G2IV,0.68,,,,oui
HD 126943,216.86458333333331,41.02491944444444,6.64,F1IV,0.35,,,,oui
HD 126981,217.535955833333,-45.3213553333333,5.499,B8Vn,-0.078,0.03,,B8,
HD 126983,217.587290416667,-49.5190256111111,5.383,"A1V+,,,",0.053,0.03,,A1,
HD 12709,31.56833333333333,57.307138888888886,7.98,B4IV,0.06,,,,oui
HD 127243,217.15749999999997,49.844861111111115,5.6,G4III-IVFe-1,90.0,,,,oui
HD 12740,31.547499999999996,49.156330555555556,7.94,B1.5II,-0.04,,,,oui
HD 127665,217.95749999999998,30.37145,3.59,K3-III,1.3,,,,oui
HD 127700,216.88124999999994,75.696,4.24,K4-III,1.43,,,,oui
HD 127739,218.13541666666663,22.26006111111111,5.9,F2IV,0.37,,,,oui
HD 127762,218.01958333333332,38.308249999999994,3.02,A7IV+(n),0.19,,,,oui
HD 127821,217.6920833333333,63.18578055555555,6.1,F4IV,90.0,,,,oui
HD 1279,4.2875,47.94741944444444,5.85,B8III,-0.09,,,,oui
HD 127971,218.881169041667,-41.5174373888889,5.869,B7V,-0.073,0.06,,B7,
HD 127972,218.876767333333,-42.1578252222222,2.322,"B1,5Vne",-0.154,0.11,,"B1,5",
HD 1280  ,4.272911875,38.6816361666667,4.619,A2V,0.06,0.01,,A2,
HD 128167,218.66999999999996,29.74513888888889,4.47,F4VkF2mF1,0.37,,,,oui
HD 128207,219.183889458333,-40.2115805555556,5.731,B8V,-0.104,0.01,,B8,
HD 128345,219.471774291667,-49.4258277222222,4.034,B5V,-0.136,0.02,,B5,
HD 128563,219.36874999999998,2.27725,6.46,F8V,0.55,,,,oui
HD 128898,220.62674825,-64.9751370555556,3.19,A7VpSrCrEu,0.24,0.04,,A7,
HD 128987,220.1295833333333,-16.209280555555555,7.24,G8Vk:,0.74,,,,oui
HD 128998,219.563426125,54.0233394722222,5.83,A1V,0.0,-0.02,,A1,
HD 129002,219.709276375,44.4044996666667,5.395,A1V,0.028,0.01,,A1,
HD 129116,220.489961166667,-37.7934983333333,3.985,B3V,-0.154,0.05,,B3,
HD 129174,220.18166666666662,16.4175,4.89,B9IIIpHgMnSi,-0.1,,,,oui
HD 129175,220.18291666666664,16.41775,5.76,A6V,0.22,,,,oui
HD 129175,220.183083333333,1.03441666666667,5.82,A6V,0.3,0.13,,A6,
HD 129246,220.28541666666666,13.728330555555555,4.51,A1V,0.08,,,,oui
HD 129246J,220.28729166666665,13.7283,3.78,A1V,0.05,,,,oui
HD 12927,33.20791666666667,79.69153055555556,6.45,A3,0.22,,,,oui
HD 12929,31.793333333333326,23.462419444444443,2.01,K2-IIIbCa-1,1.16,,,,oui
HD 129312,220.41166666666663,8.161780555555556,4.86,G7IIIa,1.0,,,,oui
HD 129422,221.322235083333,-62.8756500277778,5.364,A9V,0.273,-0.03,,A9,
HD 129433,220.80646375,-24.9977525833333,5.73,"B9,5V",-0.01,0.06,,"B9,5",
HD 129502,220.76499999999996,-5.65818888888889,3.88,F2V,0.38,,,,oui
HD 129685,221.246673375,-35.19182625,4.923,A0V,0.016,0.03,,A0,
HD 129779,220.59666666666664,54.80338888888889,7.53,M2,1.43,,,,oui
HD 129858,221.620806916667,-47.4411155833333,5.735,A1V,0.073,0.05,,A1,
HD 129926,221.50041666666664,-25.44318888888889,5.1,F0VSr+G1V,90.0,,,,oui
HD 129954,222.185629791667,-66.5935616944445,5.88,"B2,5Ve",-0.105,0.14,,"B2,5",
HD 129956,221.375851041667,0.717274861111111,5.673,"B9,5V",-0.012,0.06,,"B9,5",
HD 129972,221.31041666666664,16.964280555555554,4.6,G8.5III,0.98,,,,oui
HD 130087,221.48666666666665,10.052000000000001,7.51,G2IV,0.62,,,,oui
HD 130109,221.562189,1.89288458333333,3.73,A0IIInn,-0.01,0.0,,A0,oui
HD 130144,221.52458333333334,15.131780555555556,5.63,M5III,1.57,,,,oui
HD 13018,31.941666666666666,18.029438888888887,6.62,A3,0.22,,,,oui
HD 130274,221.989826375,-26.6461544444444,5.768,B9V,-0.008,0.06,,B9,
HD 130559,222.32999999999996,-14.149,5.31,ApSrEuCr,0.07,,,,oui
HD 130563,222.36541666666665,-19.903580555555553,7.19,A5/7IV,0.23,,,,oui
HD 130694,222.57208333333332,-27.960361111111112,4.41,K2.5IIIbFe-1:,1.4,,,,oui
HD 130766,222.31170833333329,25.150888888888886,6.68,K3II,1.35,,,,oui
HD 130819,222.67166666666665,-15.99725,5.16,F3V,0.41,,,,oui
HD 130841,222.71962499999998,-16.041780555555558,2.75,kA2hA5mA4IV-V,0.15,,,,oui
HD 130917,222.49332825,28.6158319444444,5.8,A4V,0.05,-0.07,,A4,
HD 130948,222.5658333333333,23.911830555555554,5.87,F9IV-V,0.59,,,,oui
HD 130992,222.91875,-24.30413888888889,7.8,K3.5V,1.02,,,,oui
HD 131156A,222.84624999999997,19.100550000000002,4.67,G7Ve,0.73,,,,oui
HD 131156B,222.84624999999997,19.10188888888889,6.82,K5Ve,1.17,,,,oui
HD 13122,32.606249999999996,59.979800000000004,6.63,kF0hF2mF2(III),0.34,,,,oui
HD 131492,224.18328075,-62.7810160833333,5.11,B4Vnpe,0.0,0.18,,B4,
HD 131511,223.34916666666663,19.15281111111111,6.0,K0.5V,90.0,,,,oui
HD 131596,227.786735791667,-84.7878126388889,5.874,"B9,5V",-0.031,0.04,,"B9,5",
HD 13161,32.38583333333332,34.98731111111111,3.0,A5III,0.14,,,,oui
HD 131625,223.936286416667,-33.8557836666667,5.318,A0V,0.044,0.05,,A0,
HD 131657,224.133555708333,-47.87919625,5.64,B9V,-0.04,0.03,,B9,
HD 131873,222.67624999999998,74.1555,2.08,K4-III,1.47,,,,oui
HD 131951,224.055124958333,14.44626425,5.901,A0V,-0.031,-0.02,,A0,
HD 131976,224.36041666666662,-21.411388888888887,8.06,M1.5V,1.49,,,,oui
HD 131977,224.36666666666662,-21.415469444444444,5.72,K4V,1.11,,,,oui
HD 132052,224.2958333333333,-4.346469444444444,4.49,F2V,0.32,,,,oui
HD 132219,224.663561333333,-27.6573144166667,5.673,"A4V+,,,",0.244,0.12,,A4,
HD 132742,225.243125541667,-8.51894619444445,4.93,A0V,0.0,0.06,,"B9,5",oui
HD 132813,224.39583333333331,65.93246944444445,4.54,M4.5III,1.65,,,,oui
HD 132851,225.5266666666666,-28.06061111111111,5.82,A4IV,0.17,,,,oui
HD 132953,225.5358333333333,-7.575311111111111,6.37,A5V,0.18,,,,oui
HD 132955,225.746984666667,-32.6432944444444,5.427,B3V,-0.111,0.09,,B3,
HD 133002,222.58499999999998,82.51195,5.7,F9V,90.0,,,,oui
HD 133208,225.48666666666665,40.39056111111111,3.52,G8IIIaFe-0.5,0.95,,,,oui
HD 133242,226.279916666667,-4.05111111111111,4.59,B5V,-0.14,0.02,,B5,
HD 133388,225.362890458333,60.2044546388889,5.92,A4V,0.11,-0.01,,A4,
HD 133640A,225.94708333333332,47.65406111111111,5.14,F5V,0.58,,,,oui
HD 133640B,225.94787499999998,47.65441111111111,6.0,G9:,0.82,,,,oui
HD 1337,4.4295833333333325,51.433080555555556,6.14,O9.2II+O8V((f)),-0.13,,,,oui
HD 133937,227.163322708333,-42.8679201388889,5.82,B7V,-0.105,0.03,,B7,
HD 133955,227.210901625,-45.2798597222222,4.044,B3V,-0.154,0.05,,B3,
HD 133962,226.357642833333,48.1509729722222,5.581,A1V,-0.004,-0.02,,A1,
HD 134083,226.82541666666665,24.86918888888889,4.93,F5V,0.43,,,,oui
HD 134190,226.5695833333333,54.55631111111111,5.25,G8IIIFe-1,0.96,,,,oui
HD 13421,32.837916666666665,8.569811111111111,5.62,G0IV,0.57,,,,oui
HD 134481,227.983636916667,-48.7378247777778,3.849,"B9,5Vne",-0.03,0.04,,"B9,5",
HD 134759,228.0558333333333,-19.79138888888889,4.54,B9IVpSi,-0.08,,,,oui
HD 134852,227.89291666666665,20.04338888888889,7.12,F2II,0.34,,,,oui
HD 135051,228.47208333333333,-26.193580555555556,5.86,G8/K0II,1.14,,,,oui
HD 135101B,228.18249999999998,19.292438888888892,7.5,G7V,90.0,,,,oui
HD 135160,229.152884375,-60.9039939722222,5.73,"B0,5Ve",-0.08,0.22,,"B0,5",
HD 135240,229.237067083333,-60.957252,5.07,"O8,5V",-0.09,-0.05,,"O8,5",
HD 135382,229.727424916667,-68.6795459444445,2.881,A1V,0.027,0.01,,A1,
HD 135386,228.74041666666662,-2.4147499999999997,7.58,M5III,1.53,,,,oui
HD 135438,228.52499999999998,31.78783055555556,5.97,K5,1.56,,,,oui
HD 135502,228.621493875,29.1642938055556,5.281,A2V,0.058,0.01,,A2,
HD 135559,228.954487708333,0.372139666666667,5.629,A4V,0.167,0.05,,A4,
HD 135722,228.8758333333333,33.314838888888886,3.49,G8IIIFe-1,0.95,,,,oui
HD 135734,229.633429,-47.8752765833333,4.274,B8Ve,-0.094,0.02,,B8,
HD 135742,229.25172425,-9.38291441666667,2.62,B8Vn,-0.11,0.04,,B8,oui
HD 135876,229.734899083333,-40.7882213055556,5.587,B7V,-0.097,0.03,,B7,
HD 13594A,33.5,47.483330555555554,6.52,F1V,0.36,,,,oui
HD 136064,228.6595833333333,67.34673055555555,5.2,F8V,90.0,,,,oui
HD 136442,230.1958333333333,-2.4133305555555555,6.33,K2III,1.09,,,,oui
HD 136664,230.788958541667,-36.8584866944444,4.52,B4V,-0.139,0.04,,B4,
HD 1367,4.4487499999999995,1.6887194444444444,6.18,K0III,0.95,,,,oui
HD 136729,230.021463375,51.9585152222222,5.652,A4V,0.115,0.0,,A4,
HD 136849,230.452397166667,32.9336945833333,5.375,B9Vn,-0.051,0.02,,B9,
HD 137052,231.04958333333332,-10.322280555555555,4.92,F4V,0.44,,,,oui
HD 13709 ,33.22695675,-30.7238258888889,5.261,B9V,-0.011,0.06,,B9,
HD 137107J,230.80124999999995,30.28781111111111,4.98,G2V+G2V,0.58,,,,oui
HD 13725,34.174166666666665,67.28391944444444,7.0,K4II,1.82,,,,oui
HD 137333,235.82054825,-84.4652758888889,5.575,A2V,0.111,0.06,,A2,
HD 13738,33.869583333333324,52.51108055555556,6.94,K3III,1.44,,,,oui
HD 137391,231.12249999999997,37.37716944444445,4.3,F0IV,90.0,,,,oui
HD 137422,230.1820833333333,71.83403055555556,3.0,A2III,0.07,,,,oui
HD 137432,231.8255415,-36.7675578055556,5.442,B4Vp,-0.141,0.04,,B4,
HD 13745,33.94125,55.99631111111111,7.9,O9.7II(n),0.09,,,,oui
HD 137759,231.23249999999996,58.96606111111112,3.29,K2III,1.16,,,,oui
HD 137898,232.15916666666664,1.8420805555555557,5.17,A6III,0.23,,,,oui
HD 137909,231.9570833333333,29.105688888888892,3.68,F2VpSrCrEuSi,0.29,,,,oui
HD 138341,232.59499999999997,31.28593888888889,6.45,A4IV,0.19,,,,oui
HD 138485,233.230089625,-16.8528478333333,5.491,B3V,-0.131,0.07,,B3,
HD 138525,232.84291666666667,36.61661111111111,6.39,F8IV,0.5,,,,oui
HD 138629,232.945757583333,40.8993368055556,4.997,A5V,0.096,-0.05,,A5,
HD 13869 ,33.9845217083333,33.3588951666667,5.249,A0V,-0.004,0.01,,A0,
HD 138716,233.54458333333332,-10.064530555555557,4.62,K1III-IV,1.01,,,,oui
HD 138749,233.232425583333,31.3591322777778,4.153,B6Vnne,-0.117,0.02,,B6,
HD 138764,233.61041666666662,-9.183419444444445,5.17,B5V,-0.09,,,,oui
HD 138803,233.46958333333333,17.13736111111111,6.49,F1IV-V,0.31,,,,oui
HD 138867,235.47784925,-76.0819616388889,5.942,B9V,-0.034,0.04,,B9,
HD 138905,233.88166666666666,-14.789530555555556,3.91,G8.5III,1.02,,,,oui
HD 138918,233.70041666666663,10.539080555555556,4.14,F0IV,0.25,,,,oui
HD 139006,233.67195,26.7146927777778,2.24,A1IV,-0.02,0.04,,A0,oui
HD 139063,234.2558333333333,-28.135080555555554,3.59,K3.5III,1.39,,,,oui
HD 139129,234.706126791667,-52.3726956388889,5.426,A0V,0.003,0.01,,A0,
HD 139153,233.8120833333333,39.01006111111111,5.11,M1.5IIIb,1.64,,,,oui
HD 139357,233.8175,53.92213888888889,5.96,K4III:,1.2,,,,oui
HD 139365,234.664039583333,-29.7777487777778,3.64,B2.5V,-0.16,0.09,,"B2,5",oui
HD 139493,233.987660083333,54.6305678611111,5.79,A2V,0.05,0.0,,A2,
HD 13974,34.26333333333333,34.224219444444444,4.87,G0.5VFe-0.5,90.0,,,,oui
HD 139892,234.844471541667,36.6358165555556,5.0,B7V,-0.05,0.08,,B7,
HD 140008,235.67092525,-34.7104060277778,4.717,B5V,-0.126,0.03,,B5,
HD 140159,235.387727875,19.6703994444444,4.5,A1V,0.06,0.04,,A1,oui
HD 140160,235.492791666667,12.8475,5.323,A0p...,,0.02,s0567,A0,
HD 140283,235.76291666666665,-10.9335,7.21,F9VkA5mA1,0.5,,,,oui
HD 140285,236.094475625,-41.8190883611111,5.93,"A0V+,,,",0.0,0.01,,A0,
HD 1404  ,4.58190604166667,36.7852251944444,4.52,A2V,0.05,0.0,,A2,oui
HD 140417,236.0183333333333,-15.672830555555555,5.41,A5/7IV,0.22,,,,oui
HD 140436,235.6858333333333,26.29563888888889,3.9,A0V,90.0,,,,oui
HD 140538,236.00749999999996,2.5151694444444446,5.87,G2.5V,90.0,,,,oui
HD 14055 ,34.328612625,33.8471930555556,4.0,A1Vnn,0.03,0.01,,A1,
HD 140573,236.0670833333333,6.425638888888889,2.63,K2IIIbCN1,1.17,,,,oui
HD 140775,236.347847166667,5.44731366666667,5.57,A0V,0.031,0.04,,A0,
HD 140784,236.684240583333,-34.6824505,5.599,B7Vn,-0.108,0.02,,B7,
HD 141003,236.546893125,15.4218321944444,3.67,A2IV,0.06,-0.01,,A3,oui
HD 141004,236.61083333333332,7.353080555555556,4.42,G0-V,0.61,,,,oui
HD 141168,237.529516833333,-53.2097697777778,5.78,"B9Vn,,,",-0.06,0.01,,B9,
HD 141187,236.82216175,14.1153504722222,5.712,A3V,0.096,0.02,,A3,
HD 141194,237.48956525,-48.9124077777778,5.856,A1V,0.068,0.05,,A1,
HD 14129,34.24583333333333,-6.4221111111111115,5.5,G8.5IIIb,0.97,,,,oui
HD 141378,237.23666666666665,-3.8185,5.52,A5IV-V,0.12,,,,oui
HD 141477,237.185,18.14156111111111,4.09,M0.5IIIab,1.62,,,,oui
HD 141513,237.405029,-3.43020438888889,3.53,B9.5III,-0.04,-0.01,,A0,oui
HD 141637,237.744768833333,-25.7512958055556,4.638,"B1,5Vn",-0.072,0.19,,"B1,5",
HD 141653,236.66666666666666,62.599561111111115,5.19,A2IV,0.05,,,,oui
HD 141714,237.3983333333333,26.06838888888889,4.63,G5III-IVFe-1,0.8,,,,oui
HD 14173,34.92291666666666,60.01305,7.19,G5II,0.97,,,,oui
HD 141795,237.70416666666665,4.477719444444444,3.69,kA2hA5mA7V,0.15,,,,oui
HD 141851,237.81497575,-3.09049827777778,5.1,A3Vn,0.13,0.05,,A3,
HD 141851,237.994583333333,-3.0905,5.1,A3Vn,,0.12,s0572,A3,
HD 14191 ,34.5314099166667,19.9011628333333,5.575,A1Vn,0.009,-0.01,,A1,
HD 141992,237.81624999999997,20.977919444444442,4.78,K4.5III,1.54,,,,oui
HD 142091,237.80791666666664,35.65738888888889,4.82,K1IVa,1.0,,,,oui
HD 142096,238.333560958333,-20.1670604722222,5.029,B3V,-0.027,0.17,,B3,
HD 142105,236.014662125,77.7944941111111,4.283,A3Vn,0.046,-0.03,,A3,
HD 142114,238.402995,-25.3271413055556,4.59,"B2,5Vn",-0.07,0.17,,"B2,5",
HD 14212 ,34.819983125,47.3799744722222,5.314,A0V,0.004,0.01,,A0,
HD 142139,239.024632333333,-60.4824867222222,5.754,A3V,0.083,0.0,,A3,
HD 142165,238.474646666667,-24.5331575833333,5.376,B5V,-0.018,0.14,,B5,
HD 142184,238.482766833333,-23.9780978333333,5.4,B2V,-0.05,0.2,,B2,oui
HD 142245,238.23458333333332,15.430719444444444,7.45,K0,1.04,,,,oui
HD 142445,238.875330625,-26.2659939166667,5.633,A3V,0.129,0.05,,A3,
HD 14252 ,34.7374717083333,28.6426740555556,5.294,A2V,0.026,-0.02,,A2,
HD 142629,239.222908666667,-33.9661146944445,5.095,A3V,0.113,0.03,,A3,
HD 142630,239.225504166667,-33.9642624444444,5.58,B9V,0.069,0.14,,B9,
HD 142669,239.22124999999997,-29.214080555555554,3.86,B2IV-V,-0.2,,,,oui
HD 142703,239.243916666667,-14.8293888888889,6.123,A2Ib/II,,0.04,s0577,A2,
HD 142860,239.11333333333332,15.661611111111112,3.84,F6V,0.5,,,,oui
HD 142883,239.418599625,-20.9830819166667,5.841,B3V,0.01,0.21,,B3,
HD 142980,239.3108333333333,14.414469444444444,5.53,K1IV,1.15,,,,oui
HD 142990,239.6452765,-24.8314896666667,5.44,B5V,-0.1,0.06,,B5,
HD 143018,239.712971833333,-26.1141079444444,2.91,B1V+B2:V:,-0.2,0.07,,B1,oui
HD 143275,240.08333333333331,-22.62171111111111,2.32,B0.3IV,-0.12,,,,oui
HD 14330,35.248749999999994,57.1585,7.96,M1Iab,2.24,,,,oui
HD 143347,239.6283333333333,36.02213888888889,7.44,M7,1.44,,,,oui
HD 143459,240.198468958333,-8.41135733333333,5.53,A0Vs,0.04,0.05,,A0,
HD 143459,240.243125,-8.41136111111111,5.53,A0Vs,,0.11,s0578,A0,
HD 143761,240.26124999999996,33.3035,5.4,G0+VaFe-1,90.0,,,,oui
HD 143807,240.492708333333,29.8511111111111,4.975,A0p...,,0.02,s0581,A0,
HD 14386,34.83666666666666,-2.977638888888889,6.53,M5-9IIIe+DA,1.1,,,,oui
HD 143894,240.57371525,22.8044528333333,4.817,A3V,0.077,0.0,,A3,
HD 1439,4.659583333333332,31.517219444444443,5.88,A0IV,-0.02,,,,oui
HD 144070,241.09170833333332,-11.373330555555556,5.16,F4(V),0.48,,,,oui
HD 144205,240.66333333333333,47.24036111111111,6.58,M6III,1.06,,,,oui
HD 144206,240.69958333333332,46.03668888888889,4.71,B9III,-0.09,,,,oui
HD 144208,240.830684166667,36.6317853333333,5.816,"A2V+,,,",0.541,0.49,,A2,
HD 144217,241.359299916667,-19.8054527777778,2.62,B1V,-0.07,0.23,,"B0,5",oui
HD 144218,241.360713666667,-19.8019043333333,4.89,B2V,-0.02,0.22,,B2,oui
HD 144284,240.47208333333327,58.56525,4.0,F9V,0.52,,,,oui
HD 144294,241.648105208333,-36.8022959166667,4.205,"B2,5Vn",-0.168,0.07,,"B2,5",
HD 144334,241.526567125,-23.6063117222222,5.893,B8V,-0.07,0.04,,B8,
HD 144470,241.701778833333,-20.6691917222222,3.97,B1V,-0.05,0.21,,B1,oui
HD 144480,242.3272865,-57.9343172222222,5.571,"B9,5V",-0.025,0.05,,"B9,5",
HD 144608,241.85125,-20.868780555555556,4.33,G4II-III,0.84,,,,oui
HD 144636,241.75458333333333,-3.8778305555555557,7.45,M2III,1.68,,,,oui
HD 144708,241.9017305,-12.745406,5.757,B9V,0.006,0.08,,B9,
HD 144839,241.85708333333332,13.336469444444445,7.32,F3III,0.31,,,,oui
HD 144844,242.182168208333,-23.6854152777778,5.857,B9V,0.018,0.09,,B9,
HD 144874,241.906413291667,9.89174041666667,5.639,A7V,0.19,-0.01,,A7,
HD 144987,242.469122416667,-33.5458049722222,5.496,B8V,-0.075,0.03,,B8,
HD 145148,242.2966666666666,6.378688888888888,6.0,K1.5IV,90.0,,,,oui
HD 145454,241.581984166667,67.8101334722222,5.439,A0Vn,-0.026,-0.02,,A0,
HD 145482,243.07585375,-27.9263738055556,4.57,B2V,-0.15,0.09,,B2,oui
HD 145483,243.066829625,-28.4173089444444,5.67,B9Vv,0.01,0.08,,B9,
HD 145502A,242.99999999999997,-19.46666944444444,4.35,B2V,0.01,,,,oui
HD 145518,243.01041666666663,-18.232611111111108,7.41,G0.5V,0.61,,,,oui
HD 145570,242.99999999999997,-10.064250000000001,4.93,A1V,0.1,,,,oui
HD 145607,243.03048325,-8.54757841666667,5.42,A2IV,0.12,-0.01,,A4,oui
HD 145622,240.880624375,76.7939398333333,5.73,A3V,0.05,-0.03,,A3,
HD 145689,244.272544083333,-67.9412836944445,5.953,A4V,0.148,0.03,,A4,
HD 145713,242.9083333333333,23.49481111111111,5.7,M4III,1.56,,,,oui
HD 145792,243.4395833333333,-24.422080555555556,6.4,B6IV,90.0,,,,oui
HD 145842,243.813824166667,-47.3720188055556,5.124,B8V,-0.104,0.01,,B8,
HD 14595,35.527499999999996,22.873580555555556,6.61,G3III:+F6,0.81,,,,oui
HD 146051,243.58624999999998,-3.6943305555555557,2.75,M0.5III,1.59,,,,oui
HD 14633,35.72624999999999,41.47991944444445,8.73,ON8.5V,0.06,,,,oui
HD 146332,244.21874999999997,-29.743719444444444,7.65,B3III,0.13,,,,oui
HD 146361,243.67,33.8585,5.6,F6V+G0V,90.0,,,,oui
HD 146361A,243.67499999999998,33.858330555555554,5.55,F6V,0.59,,,,oui
HD 146362,243.67499999999998,33.858311111111114,6.4,G1V,90.0,,,,oui
HD 146624,244.574584041667,-28.6140213333333,4.792,A0V,0.03,0.04,,A0,
HD 146624,244.743041666667,-28.614,4.792,A0V:,,0.05,s0592,A0,
HD 146667,244.823527541667,-42.6739726111111,5.441,A3Vn,0.097,0.02,,A3,
HD 146738,244.186612625,29.1502631666667,5.785,A3V,0.061,-0.02,,A3,
HD 146791,244.58041666666662,-4.6925,3.23,G9.5IIIbFe-0.5,0.98,,,,oui
HD 146815,244.505,6.078561111111111,7.29,G7II,1.0,,,,oui
HD 146926,242.706351958333,75.8775625,5.471,B8V,-0.093,0.02,,B8,
HD 147142,243.13374999999996,75.2106888888889,6.34,K2IV,1.3,,,,oui
HD 147165,245.29708333333332,-25.59281111111111,2.89,O9.5(V)+B7(V),0.13,,,,oui
HD 147232,244.31374999999997,59.75503055555556,5.4,M4III,1.63,,,,oui
HD 147352,244.79666666666662,49.03816944444444,5.91,K6III,1.37,,,,oui
HD 147394,244.93499999999997,46.31336111111111,3.87,B5IV,-0.14,,,,oui
HD 147547,245.48000000000002,19.153138888888886,3.76,A9IIIbn,0.27,,,,oui
HD 147723,246.16583333333327,-29.703719444444445,5.82,F9IV,0.58,,,,oui
HD 147934,246.396041666667,-23.4461111111111,5.92,B2V,-0.66,-0.42,,B2,
HD 147971,246.795983791667,-47.5547840555556,4.525,B4V,-0.074,0.11,,B4,
HD 14802,35.635416666666664,-23.816330555555556,5.2,G0V,0.6,,,,oui
HD 148048,244.37624999999997,75.75533055555556,5.0,F5V,90.0,,,,oui
HD 148184,246.755979125,-18.4562482777778,4.42,B2Vne,0.28,0.52,,B2,
HD 148283,246.35069775,37.3940770833333,5.54,A5V,0.17,0.02,,A5,
HD 148317,246.66329166666665,15.97263888888889,6.69,G0III,0.63,,,,oui
HD 148387,245.99791666666664,61.51421944444444,2.74,G8-IIIab,0.91,,,,oui
HD 148605,247.55197975,-25.1152234166667,4.79,B3V,-0.07,0.08,,B3,oui
HD 148783,247.16041666666658,41.88166944444445,5.01,M6-III,1.52,,,,oui
HD 148786,247.78499999999994,-16.612719444444444,4.27,G8+IIIa,0.92,,,,oui
HD 148856,247.55499999999998,21.489611111111113,2.77,G7IIIaFe-0.5,0.93,,,,oui
HD 148857,247.72842975,1.98392247222222,3.9,A1IV,0.04,0.05,,A0,oui
HD 148898,248.24575,-21.4663888888889,4.443,Ap,,0.08,s0604,Ap,
HD 149212,246.9958333333333,68.76813888888888,4.95,B9.5IV,-0.04,,,,oui
HD 149303,247.946777458333,45.5982763333333,5.66,A4Vn,0.11,-0.01,,A4,
HD 14943 ,35.7278120416667,-51.0921292777778,5.906,A5V,0.195,0.05,,A5,
HD 149438,248.970636875,-28.2160170833333,2.81,B0.2V,-0.25,0.1,,"B0,2",oui
HD 14951,36.20458333333333,10.61056111111111,5.48,B7IV,-0.11,,,,oui
HD 149630,248.525763916667,42.4370404166667,4.2,B9V,-0.02,0.06,,B9,oui
HD 149650,248.10700225,60.8233228333333,5.91,A2V,0.04,-0.01,,A2,
HD 149757,249.289746041667,-10.5670915277778,2.56,O9.2IVnn,0.02,0.06,,O9,oui
HD 149881,249.2425,14.47525,7.03,B0.5III,-0.18,,,,oui
HD 149886,249.771777791667,-37.2173746666667,5.92,"B9,5V+,,,",-0.019,0.05,,"B9,5",
HD 149914,249.61958333333328,-18.220469444444443,6.75,B9.5IV,0.22,,,,oui
HD 15000,36.85541666666666,59.105580555555555,7.5,F5II,90.0,,,,oui
HD 150030,249.04666666666665,46.61333055555556,5.81,G8II,1.04,,,,oui
HD 150047,249.40708333333333,22.444861111111113,7.25,M6,1.41,,,,oui
HD 150077,248.75291666666664,60.468111111111114,7.36,M5,1.5,,,,oui
HD 15008 ,35.4372619166667,-68.6594177222222,4.081,A3V,0.041,-0.04,,A3,
HD 150100,249.047582583333,52.9000473333333,5.52,"B9,5Vn",-0.05,0.02,,"B9,5",
HD 150117,249.055833333333,52.9238888888889,5.39,B9V,-0.07,0.02,,B9,oui
HD 150117,249.057166708333,52.9244194444444,5.39,B9V,-0.07,0.17,,B9,oui
HD 15022,36.959999999999994,62.89061111111111,7.88,K3II,1.46,,,,oui
HD 150366,250.4008333333333,-24.467969444444442,6.09,A7III,0.2,,,,oui
HD 150378,250.16120075,4.21978677777778,5.772,A1V,-0.006,-0.03,,A1,
HD 150429,249.22916666666669,63.07283055555556,6.15,K5,1.56,,,,oui
HD 150450,249.68670833333329,48.928330555555554,4.9,M2.5III,1.55,,,,oui
HD 150453,250.47375,-19.924388888888892,5.56,F3V,0.41,,,,oui
HD 150580,250.25249999999994,24.85868888888889,6.07,K2,1.34,,,,oui
HD 150680,250.32166666666666,31.602719444444446,2.8,G0IV,0.63,,,,oui
HD 150682,250.40291666666664,26.91688888888889,5.92,F3V:+F3V:,0.39,,,,oui
HD 150742,251.177472166667,-40.8396736388889,5.636,B3V,-0.102,0.1,,B3,
HD 150997,250.72416666666663,38.92225,3.5,G7IIIFe-1,0.92,,,,oui
HD 151011,251.37583333333328,-19.136919444444445,6.64,K5II,1.88,,,,oui
HD 151061,251.29749999999996,-3.084938888888889,7.14,M5-M5.5IIIb:,1.63,,,,oui
HD 151179,251.71374999999998,-25.528580555555553,6.72,K0II,1.16,,,,oui
HD 151237,251.27166666666665,28.357919444444445,7.3,F8II,90.0,,,,oui
HD 15130 ,36.4875233333333,-12.2904751111111,4.869,A0V,-0.022,-0.01,,A0,
HD 15137,36.99916666666667,52.54933055555556,7.86,O9.5II-IIIn,0.06,,,,oui
HD 15144 ,36.5014484166667,-15.3412521666667,5.86,"A6Vsp,,,",0.138,-0.03,,A6,
HD 151481,250.17708333333331,72.67166944444445,7.01,M2,1.55,,,,oui
HD 151613,251.32416666666663,56.78186111111111,4.84,F2V,0.36,,,,oui
HD 151862,252.39440575,13.2611392777778,5.91,A1V,0.03,0.01,,A1,
HD 151890,252.967629625,-38.0473803888889,2.98,"B1,5Vp+,,,",-0.16,0.1,,"B1,5",
HD 152107,252.309242541667,45.9833227777778,4.823,"A2Vspe,,,",0.091,0.04,,A2,
HD 152127,252.853868833333,1.21594741666667,5.51,A2Vs,0.05,0.0,,A2,
HD 1522,4.857083333333333,-8.823919444444444,3.55,K1+IIICN0.5,1.22,,,,oui
HD 152527,254.119870791667,-52.2837467777778,5.929,B9V,-0.069,0.0,,B9,
HD 15257,37.041666666666664,29.669330555555558,5.29,F0III,0.29,,,,oui
HD 152614,253.501964625,10.1653606111111,4.38,B8V,-0.08,0.03,,B8,
HD 152849,254.200144625,-23.1503421111111,5.58,A0V,0.01,0.02,,A0,
HD 152896,253.75541666666666,29.038861111111114,7.54,A8IV,0.31,,,,oui
HD 153059,253.7520833333333,46.27628055555555,7.95,M4,1.39,,,,oui
HD 15318,37.03958333333333,8.460061111111111,4.3,B9III,-0.05,,,,oui
HD 153363,255.0395833333333,-24.989080555555557,5.73,F3V,0.39,,,,oui
HD 153613,255.469348791667,-32.1435238055556,5.014,B8V,-0.087,0.02,,B8,
HD 153751,251.49249999999998,82.03725,4.21,G5III,0.9,,,,oui
HD 153808,255.07239075,30.9264045833333,3.92,A0V,-0.01,0.0,,A0,oui
HD 154029,255.40166666666664,33.56828055555556,5.27,A3IV,0.02,,,,oui
HD 154228,255.913758166667,13.6053458611111,5.918,A1V,0.002,-0.02,,A1,
HD 15427 ,37.0070974166667,-33.8110402777778,5.132,A2V,0.084,0.03,,A2,
HD 154363,256.26416666666665,-5.0665,7.71,K4/5V,1.17,,,,oui
HD 154365,256.5229166666667,-26.58055,6.93,G0II,0.68,,,,oui
HD 154383,256.45166666666665,-18.11613888888889,7.87,B9II,0.11,,,,oui
HD 154445,256.384413791667,-0.892068277777778,5.61,B1V,0.12,0.36,,B1,oui
HD 154494,256.3445833333333,12.740830555555554,4.87,A3V,0.13,,,,oui
HD 154633,255.5654166666667,64.60074999999999,6.09,G5V,0.98,,,,oui
HD 154660,256.7208333333333,-1.6561888888888887,6.35,A5V,0.21,,,,oui
HD 154679,256.9842083333333,-24.99813888888889,7.18,G3II,1.02,,,,oui
HD 154905,256.3333333333333,54.46833055555556,5.69,F6V,0.53,,,,oui
HD 154974,257.06541666666664,16.093919444444442,6.66,F8IV,0.5,,,,oui
HD 155078,257.44999999999993,-10.523311111111111,5.43,F5IV/V,0.46,,,,oui
HD 155125,257.5945,-15.724911111111112,2.42,A2IV-V,0.05,,,,oui
HD 155259,258.0675205,-39.5069493055556,5.669,A1V,0.039,0.02,,A1,
HD 15550,37.66,19.855311111111114,6.13,A9V,0.24,,,,oui
HD 155514,257.76333333333326,24.23768888888889,6.2,A8V,0.21,,,,oui
HD 15558,38.17708333333333,61.456,7.87,O4.5III(f),0.5,,,,oui
HD 155763,257.19666666666666,65.71468888888889,3.17,B6III,-0.11,,,,oui
HD 155806,258.830199583333,-33.5484206388889,5.612,O8Ve,-0.056,-0.02,,O8,
HD 15588,37.48083333333333,-22.683200000000003,6.77,A5/7III,0.19,,,,oui
HD 155885,258.8374999999999,-26.602830555555556,5.03,K1V,0.85,,,,oui
HD 156014,258.6620833333333,14.390280555555556,3.33,M5Ib-II,1.34,,,,oui
HD 156014J,258.6620833333333,14.390330555555556,3.06,M5Ib-II+G5III+F2V:,1.45,,,,oui
HD 156026,259.0558333333333,-26.54613888888889,6.34,K5V,1.16,,,,oui
HD 156164,258.75791666666663,24.839188888888888,3.13,A1IVn,0.08,,,,oui
HD 156212,259.36499999999995,-27.76688888888889,8.74,B0Iab,0.39,,,,oui
HD 156247,259.132151916667,1.21054491666667,5.903,"B5Vnn+,,,",0.021,0.18,,B5,
HD 156283,258.761625,36.80916944444444,3.18,K3II,1.43,,,,oui
HD 156293,259.699287791667,-44.1297473888889,5.745,B9V,-0.037,0.03,,B9,
HD 156365,259.52954166666666,-24.073030555555555,6.59,G3V,0.68,,,,oui
HD 156633,259.3315315,33.1001008611111,4.8,"B1,5Vp+,,,",-0.17,0.09,,"B1,5",
HD 156729,259.417726125,37.2914998611111,4.624,A2V,0.039,-0.01,,A2,
HD 156826,259.9983333333333,-5.9175,6.32,K0V,0.85,,,,oui
HD 156860,259.94374999999997,2.1395305555555555,6.55,M6III,1.49,,,,oui
HD 156897,260.25166666666667,-21.11293888888889,4.39,F2V,0.37,,,,oui
HD 156971,260.21916666666664,-10.696419444444444,6.45,A9/F0IV,0.34,,,,oui
HD 157049,260.07874999999996,18.057080555555558,5.0,M2III,1.62,,,,oui
HD 157056,260.50249999999994,-24.999561111111113,3.26,OB,-0.23,,,,oui
HD 157087,260.0408333333333,25.53761111111111,5.36,A3III,0.05,,,,oui
HD 157172,260.64416666666665,-19.61618888888889,7.86,G8.5V,0.78,,,,oui
HD 157198,260.225859416667,24.4994379444444,5.126,A2V,-0.001,-0.05,,A2,
HD 157358,260.38,28.758111111111113,6.4,G0IVHdel-1,0.73,,,,oui
HD 157740,261.13140475,16.3010058333333,5.749,A3V,0.069,-0.01,,A3,
HD 157749,261.56541666666664,-28.416638888888887,7.22,F3III,0.38,,,,oui
HD 15784,38.932916666666664,68.36774999999999,6.63,F5II-III,0.42,,,,oui
HD 157853,261.0095833333333,38.58278055555556,6.54,F8IV,0.67,,,,oui
HD 157857,261.5720833333333,-10.992999999999999,7.78,O6.5II(f),0.17,,,,oui
HD 157919,261.83874999999995,-29.867030555555555,4.27,F5III-IV,0.4,,,,oui
HD 157950,261.65791666666667,-5.086580555555555,4.54,F3V,0.39,,,,oui
HD 157967,261.4767083333333,16.917580555555556,5.98,M4-5III,1.62,,,,oui
HD 158094,262.774636333333,-60.6838478333333,3.6,B8Vn,-0.08,0.03,,B8,
HD 158148,261.704700041667,20.0809776111111,5.51,B5V,-0.119,0.04,,B5,
HD 158228,261.93375,8.442030555555556,6.49,M0,1.55,,,,oui
HD 158261,261.692272791667,34.6958021944444,5.932,A0V,0.002,0.01,,A0,
HD 158352,262.206894166667,0.330625805555556,5.41,A8Vp,0.23,0.02,,A7,oui
HD 158414,261.684340666667,48.2600631388889,5.83,A4V,0.13,0.01,,A4,
HD 158427,262.960381375,-49.876145,2.836,B2Vne,-0.109,0.13,,B2,
HD 158460,261.42230775,60.0483980555556,5.645,A1Vn,0.028,0.01,,A1,
HD 158643,262.853975541667,-23.9626426666667,4.81,A0V,0.0,0.01,,A0,
HD 158899,262.6845833333333,26.11063888888889,4.41,K3.5III,1.44,,,,oui
HD 158902,263.26433333333335,-29.650838888888888,7.22,B3II,0.32,,,,oui
HD 159026,262.66749999999996,38.8822,6.43,F5.5III-IVnp,0.5,,,,oui
HD 159139,262.95657825,28.4074994722222,5.65,A1V,0.0,-0.02,,A1,
HD 159170,263.374354666667,-5.74480344444445,5.619,A5V,0.172,0.02,,A5,
HD 159176,263.677056166667,-32.5816646111111,5.68,"O6V+,,,",0.06,0.1,,O6,
HD 159181,262.6083333333333,52.30138888888889,2.81,G2Ib-IIa,0.98,,,,oui
HD 159217,263.914956541667,-46.5056838333333,4.571,A0V,-0.019,-0.01,,A0,
HD 159358,263.693130958333,-11.2419980277778,5.537,B8Vn,0.012,0.12,,B8,
HD 159480,263.652892041667,9.58670002777778,5.81,A2V,0.02,-0.01,,A2,oui
HD 159541,263.044035666667,55.18424275,4.9,kA3hF0mF0(IV-V),90.0,0.06,,A6,oui
HD 159561,263.73374999999993,12.560030555555556,2.07,A5IVnn,0.15,,,,oui
HD 159834,264.0,21.0,6.1,A7IV,0.18,,,,oui
HD 159876,264.39666666666665,-15.39856111111111,3.52,A9IIIpSr:,0.27,,,,oui
HD 159968,264.08916666666664,27.56663888888889,6.41,M4III,1.49,,,,oui
HD 1601,5.128749999999999,48.96863888888889,6.47,G0,0.53,,,,oui
HD 160181,264.379561958333,24.3099907777778,5.76,A2Vn,0.14,0.09,,A2,
HD 160263,265.317669666667,-46.9218293888889,5.783,A0V,-0.015,-0.01,,A0,
HD 160269A,263.75624999999997,61.8678,5.28,G0IV-V,0.65,,,,oui
HD 160346,264.8204166666666,3.55525,6.53,K3-V,0.97,,,,oui
HD 160365,264.74125,13.32925,6.12,F6III,0.55,,,,oui
HD 160430,265.2079583333333,-23.836138888888886,8.74,B2II,0.19,,,,oui
HD 16046 ,38.4612652083333,-28.2323445277778,4.957,"B9,5V",-0.051,0.02,,"B9,5",
HD 1606  ,5.10167333333333,30.9356127777778,5.871,B7V,-0.101,0.03,,B7,
HD 16066,39.596666666666664,68.0613,7.67,F2II,0.37,,,,oui
HD 160762,264.86625,46.00633055555556,3.8,B3IV,-0.17,,,,oui
HD 160922,264.23791666666665,68.75796944444444,4.8,F4V,90.0,,,,oui
HD 160928,266.175041875,-42.7293020833333,5.881,"A1V+,,,",0.144,0.12,,A1,
HD 161056,265.94583333333327,-7.079611111111111,6.32,B3II/III,0.36,,,,oui
HD 161096,265.8683333333333,4.567311111111111,2.75,K2IIICN0.5,1.18,,,,oui
HD 161149,265.8416666666666,14.295169444444443,6.21,F5III,0.43,,,,oui
HD 161196,265.75541666666663,29.652919444444443,7.22,M1II,1.45,,,,oui
HD 161327,266.5065833333333,-26.972299999999997,7.44,A0Iab/b,0.6,,,,oui
HD 161592,266.89,-27.830780555555556,4.54,F7II,0.8,,,,oui
HD 16160,39.02041666666666,6.88686111111111,5.8,K3V,90.0,,,,oui
HD 161693,265.996569666667,53.8017149166667,5.76,A2V,0.01,-0.04,,A2,
HD 161695,266.4925,31.5046944444444,6.246,A0Ib,,0.01,s0645,A0,
HD 161701,266.903248333333,-14.7258263055556,5.934,B9V,0.008,0.08,,B9,
HD 161797,266.61458333333326,27.720669444444443,3.42,G5IV,0.75,,,,oui
HD 161817,266.6691666666666,25.74913888888889,6.97,sdA2,0.16,,,,oui
HD 161817,266.743875,25.7491111111111,6.988,A2 VI (HB),,0.05,s0647,A2,
HD 161833,266.783527916667,17.6970136944444,5.61,A1V,0.03,0.01,,A1,
HD 161840,267.293654833333,-31.7032066111111,4.806,B8V,-0.042,0.07,,B8,
HD 161868,266.973165541667,2.70727777777778,3.75,A1VnkA0mA0,0.05,0.05,,A0,oui
HD 162076,267.1033333333333,20.565450000000002,5.69,G5IV,0.96,,,,oui
HD 162374,268.056918541667,-34.7991973611111,5.88,B6V,-0.11,0.03,,B6,
HD 16246,39.25208333333333,24.647219444444445,6.48,F5V,0.38,,,,oui
HD 162570,267.70166666666665,22.316330555555556,6.13,A9V,0.24,,,,oui
HD 162579,267.267850083333,50.7810730277778,5.02,A2V,0.02,-0.03,,A2,
HD 162724,268.478221333333,-34.7527181666667,5.96,"B9V+,,,",-0.01,0.06,,B9,
HD 162978,268.72499999999997,-24.887080555555556,6.2,O8II((f)),0.04,,,,oui
HD 16327,39.57416666666666,37.72671944444445,6.19,F6III,0.47,,,,oui
HD 163336,269.07931375,-15.8125193611111,5.928,A0V,0.047,0.06,,A0,
HD 163428,269.28125,-23.93925,6.65,K5Ib,1.95,,,,oui
HD 163588,268.3820833333333,56.872638888888886,3.75,K2III,1.18,,,,oui
HD 163624,269.267967333333,0.066668527777778,5.955,A3V,0.117,0.04,,A3,
HD 163770,269.0633333333333,37.25053055555556,3.88,K1IIaCN2,1.35,,,,oui
HD 163840,269.3095833333333,23.99588888888889,6.32,G2V+K2V,0.64,,,,oui
HD 163917,269.75666666666666,-9.77363888888889,3.34,G9IIIa,0.99,,,,oui
HD 163955,269.948146166667,-23.8161354444444,4.72,A0,-0.03,0.05,,B9,oui
HD 163993,269.44124999999997,29.24788888888889,3.7,G8.5III,0.94,,,,oui
HD 164058,269.15166666666664,51.48888888888889,2.23,K5III,1.53,,,,oui
HD 164136,269.6254166666666,30.189280555555555,4.41,F2II,0.39,,,,oui
HD 164259,270.1208333333333,-3.690280555555556,4.62,F2V,0.37,,,,oui
HD 164284,270.065826041667,4.36861563888889,4.784,B2Ve,-0.1,0.14,,B2,
HD 16429,40.18708333333333,61.28225,7.67,O9.5III+F4V,0.62,,,,oui
HD 16432 ,39.7041427083333,21.961406,5.454,A7V,0.155,-0.05,,A7,
HD 164353,270.1613333333333,2.931561111111111,3.93,B5I,0.03,,,,oui
HD 164359,270.4129166666666,-22.131700000000002,8.67,B1II,0.22,,,,oui
HD 16440,40.461666666666666,68.4696388888889,7.97,B5III,0.59,,,,oui
HD 164438,270.46783333333326,-19.106130555555556,8.76,O9.2IV,0.13,,,,oui
HD 164492,270.598125,-23.030830555555553,6.8,O7.5Vz,0.69,,,,oui
HD 164507,270.2387499999999,15.09355,6.28,G5IV,0.73,,,,oui
HD 164536,270.66091666666665,-24.255388888888888,7.4,O7.5V(n)z,-0.03,,,,oui
HD 164577,270.4383285,1.30507708333333,4.439,A2Vn,0.034,-0.02,,A2,
HD 164614,270.15166666666664,33.2137,6.0,K6III,1.53,,,,oui
HD 164637,270.7570833333333,-22.7185,6.72,B0Ib/II,-0.07,,,,oui
HD 164668,270.3745833333333,21.595138888888886,5.1,G5III,0.89,,,,oui
HD 164669,270.37499999999994,21.594719444444443,4.9,A5IIIn,90.0,,,,oui
HD 164765,270.7704166666667,-8.18,5.27,F2IV,0.43,,,,oui
HD 164765J,270.7704166666667,-8.180361111111111,4.79,F3IV,0.38,,,,oui
HD 164794,270.968519416667,-24.3607296944444,5.97,O4V((f))z,0.0,0.04,,O4,oui
HD 164816,270.9869583333333,-24.312561111111112,6.99,O9.5V+B0V,0.07,,,,oui
HD 164852,270.5958333333333,20.83363888888889,5.25,B3IV,-0.11,,,,oui
HD 164863,271.05266666666665,-22.50096111111111,7.22,OB+,-0.05,,,,oui
HD 165052,271.29395833333325,-24.398569444444444,6.87,O5.5:Vz+O8:V,0.11,,,,oui
HD 165189,271.707083333333,-43.4225,5.7,A5V,0.29,0.14,,A5,
HD 165190,271.707888,-43.4252212222222,4.94,A5V,0.23,0.08,,A5,
HD 165319,271.49499999999995,-14.19806111111111,8.04,O9.7Ib,0.59,,,,oui
HD 165341,271.3637499999999,2.500111111111111,4.03,K0-V,0.86,,,,oui
HD 165341A,271.3641666666666,2.499811111111111,4.3,K0V,90.0,,,,oui
HD 165341B,271.3641666666666,2.499,6.07,K4V,1.19,,,,oui
HD 165435,271.25749999999994,22.914299999999997,7.36,F3II,0.43,,,,oui
HD 165438,271.56329166666666,-4.75125,5.74,K1IV,0.99,,,,oui
HD 165473,271.24583333333334,29.081,7.03,K0II,1.05,,,,oui
HD 165516,271.79729166666664,-21.44393888888889,6.33,B1/2Ib,0.12,,,,oui
HD 16555 ,39.3515540416667,-52.5430793055556,5.304,A6V,0.257,0.09,,A6,
HD 165777,271.84166666666664,9.563330555555556,3.73,A5V,0.12,,,,oui
HD 1658,5.3424999999999985,67.00541944444444,8.82,B8.5V,90.0,,,,oui
HD 16580,40.07708333333333,29.796419444444446,7.47,A0II,0.02,,,,oui
HD 16582,39.87083333333332,0.3285,4.07,B2IV,-0.22,,,,oui
HD 165908,271.75624999999997,30.56213888888889,5.07,F7VgF7mF5,0.52,,,,oui
HD 166,1.653333333333333,29.0215,6.1,G8,90.0,,,,oui
HD 166014,271.885628041667,28.7624910833333,3.83,B9.5III,-0.02,0.05,,"B9,5",oui
HD 166045,271.95605,6.06781388888889,5.87,A3V,0.11,0.03,,A3,
HD 166046,271.9558125,6.09684444444444,5.9,A3V,0.14,0.06,,A3,
HD 166103,272.4308333333333,-13.93443888888889,6.38,K1II,1.41,,,,oui
HD 166182,272.1895833333333,20.81456111111111,4.35,B2IV,-0.17,,,,oui
HD 16620,39.890833333333326,-11.872169444444445,4.87,F5V,0.46,,,,oui
HD 166205,263.054152958333,86.5864606666667,4.348,A1Vn,0.034,0.01,,A1,
HD 166229,272.00916666666666,36.40125,5.5,K2III,90.0,,,,oui
HD 166230,272.2204166666666,20.045219444444445,5.1,A8III,0.16,,,,oui
HD 16628 ,40.1711484583333,27.0609455555556,5.298,A3V,0.076,0.0,,A3,
HD 166546,272.98791666666665,-20.423375,7.22,O9.5IV,0.04,,,,oui
HD 166620,272.4058333333333,38.45778055555556,6.4,K2V,0.87,,,,oui
HD 16682,40.377500000000005,34.51611111111111,7.91,M5III,1.49,,,,oui
HD 166865,270.01458333333335,80.00083055555555,5.94,F7,0.51,,,,oui
HD 166937,273.4408333333333,-21.058830555555556,3.85,B8Iab(e),0.22,,,,oui
HD 166988,272.938004625,33.44705825,5.97,A3V,0.04,-0.04,,A3,
HD 1671,5.280416666666666,37.968611111111116,5.18,F5IV-V,0.42,,,,oui
HD 16718,40.78875,58.88945,7.59,A0Vs,0.12,,,,oui
HD 16739,40.562083333333334,40.19393888888889,4.92,F9V,0.59,,,,oui
HD 167468,275.901867625,-75.0442763888889,5.465,A0V,0.04,0.05,,A0,
HD 16765,40.30833333333334,-0.6956694444444445,5.71,F7V,0.52,,,,oui
HD 16769,41.20708333333333,67.82463888888888,5.95,A5III,0.11,,,,oui
HD 167768,274.22124999999994,-3.007388888888889,6.0,G8III,0.89,,,,oui
HD 167771,274.36899999999997,-18.463449999999998,6.54,O7III((f))+O8III,0.11,,,,oui
HD 16780,40.75791666666666,48.26525,6.28,G5II,1.15,,,,oui
HD 167818,274.51329166666665,-27.04263888888889,4.63,K3II,1.64,,,,oui
HD 167944,274.24791666666664,12.0677,7.24,F8III,0.68,,,,oui
HD 167965,273.91166666666663,42.159330555555556,5.56,B7IV,-0.12,,,,oui
HD 167971,274.5245833333333,-12.242580555555556,7.5,O8Iaf(n)+O4/5,0.77,,,,oui
HD 168009,273.88541666666663,45.209300000000006,6.3,G1V,0.63,,,,oui
HD 168080,274.6954166666667,-18.17218888888889,7.61,B1Ib/II,0.07,,,,oui
HD 16811 ,40.5914158333333,20.0114614444444,5.74,A0V,-0.03,-0.02,,A0,
HD 168137,274.7341666666666,-13.80863888888889,8.94,O8Vz,0.42,,,,oui
HD 168245,274.7470833333333,-4.105469444444444,7.6,G8IV,1.1,,,,oui
HD 168393,274.9670833333333,-11.287561111111112,7.42,F5V,0.5,,,,oui
HD 168443,275.01624999999996,-9.595719444444445,6.92,G6V,0.7,,,,oui
HD 168454,275.2483333333333,-29.82811111111111,2.67,K2.5IIIaCN0.5,1.4,,,,oui
HD 1685  ,5.16265341666667,-69.6249116944444,5.498,B9V,-0.039,0.03,,B9,
HD 168723,275.3275,-2.8988305555555556,3.25,K0III-IV,0.94,,,,oui
HD 168812,275.10541666666666,28.983530555555557,6.61,BpHg,-0.11,,,,oui
HD 168905,276.076002625,-44.1102550277778,5.223,"B2,5Vn",-0.161,0.08,,"B2,5",
HD 168914,275.254250333333,28.8699525833333,5.129,A7V,0.194,-0.01,,A7,
HD 16895,41.05,49.22843888888889,4.11,F8V,0.51,,,,oui
HD 169027,274.245,68.7413888888889,6.779,A0,,0.03,s0671,A0,
HD 169033,275.800677166667,-12.0147519166667,5.705,B5V,0.006,0.17,,B5,
HD 16908 ,40.8629660416667,27.7071453611111,4.67,B3V,-0.13,0.08,,B3,oui
HD 169111,275.647160541667,12.0296811666667,5.98,A2V,0.05,0.0,,A2,
HD 169305,275.38624999999996,49.12158055555555,5.05,M2III,1.66,,,,oui
HD 169414,275.9245833333333,21.76975,3.84,K2IIIab,1.18,,,,oui
HD 169454,276.31333333333333,-13.978419444444445,6.71,B1Ia,0.9,,,,oui
HD 169657,276.67379166666666,-23.43565,7.9,B5II,0.1,,,,oui
HD 169673,276.59874999999994,-15.63018888888889,8.85,B1Ib,0.18,,,,oui
HD 169916,276.99249999999995,-25.42168888888889,2.81,K1IIIb,1.04,,,,oui
HD 169931,276.71999999999997,3.9136694444444444,7.93,M5/6III,1.52,,,,oui
HD 169981,276.49499999999995,29.828919444444445,5.83,A2IV,0.07,,,,oui
HD 17005,40.71041666666667,-28.151330555555553,6.79,G0II,0.79,,,,oui
HD 170073,275.977526708333,58.8007346111111,5.034,A1V,0.065,0.05,,A1,
HD 170153,275.25,72.75,3.58,F7V,0.49,,,,oui
HD 17036 ,41.1373882083333,15.3118634722222,5.776,B9Vn,-0.025,0.05,,B9,
HD 170479,277.770185208333,-32.9891117222222,5.391,A5V,0.177,0.03,,A5,
HD 170642,278.088880833333,-39.7040006944444,5.162,A3Vn,0.084,0.0,,A3,
HD 170650,277.39874999999995,23.86618888888889,5.86,B6IV,-0.1,,,,oui
HD 170693,276.49625000000003,65.56346944444444,4.82,K1.5IIIFe-1,1.18,,,,oui
HD 170740,277.857056875,-10.7958362222222,5.762,B2V,0.17,0.41,,B2,
HD 17081,41.03041666666666,-13.858688888888889,4.24,B7IV,-0.12,,,,oui
HD 17086,41.79041666666666,60.570280555555556,6.53,A5+II,0.51,,,,oui
HD 170868,278.346397291667,-38.7259863611111,5.601,B9V,-0.062,0.01,,B9,
HD 170878,277.768538083333,16.9285567222222,5.76,A2V,0.05,0.0,,A2,
HD 170920,277.98749999999995,-1.0029694444444444,5.94,A5IV/V,0.14,,,,oui
HD 17094,41.23541666666666,10.114138888888888,4.3,A9IIIp,90.0,,,,oui
HD 171012,278.29208333333327,-18.36838888888889,6.99,B0.5Ia,0.5,,,,oui
HD 171301,278.2083333333333,30.554219444444445,5.47,B8IV,-0.09,,,,oui
HD 171352,278.93162499999994,-29.937530555555554,6.91,K1II,1.21,,,,oui
HD 171443,278.8016666666666,-8.244080555555554,3.83,K3III,1.34,,,,oui
HD 171623,278.8025125,18.2034111111111,5.79,A0Vn,-0.01,0.0,,A0,
HD 171802,279.11579166666667,9.1225,5.39,F5III,0.37,,,,oui
HD 171834,279.16291666666666,6.671811111111111,5.42,F3V,0.36,,,,oui
HD 171856,279.4767083333333,-21.397719444444444,5.93,A5IV,0.18,,,,oui
HD 171874,279.1525,12.98761111111111,7.35,F6II,0.49,,,,oui
HD 171978,279.399842041667,-0.309472416666667,5.773,"A1V+,,,",0.059,0.04,,A1,
HD 172046,279.4520833333333,5.883469444444444,6.63,B8V,-0.04,,,,oui
HD 172051,279.7224999999999,-21.051869444444446,5.86,G6V,0.66,,,,oui
HD 172088,279.59916666666663,-3.1936388888888887,6.48,F8V,0.55,,,,oui
HD 172167,279.234734791667,38.7836889444444,0.03,A0V,0.0,0.01,,A0,
HD 17240,41.76499999999999,35.55466944444444,6.25,A9V,0.34,,,,oui
HD 172424,279.9675,7.356938888888888,6.26,G8III,0.96,,,,oui
HD 172522,280.0941666666667,8.868438888888889,6.92,A2III,0.22,,,,oui
HD 172555,281.362085375,-64.8712610555556,4.779,A7V,0.191,-0.01,,A7,
HD 172728,279.389583708333,62.5265881666667,5.74,A0V,-0.05,-0.04,,A0,
HD 172744,280.36875,12.23655,6.82,K2II,1.01,,,,oui
HD 172777,280.945591041667,-38.32344125,5.12,A2Vn,0.074,0.02,,A2,
HD 172831,280.6504166666666,-7.073669444444445,6.12,K1III,1.02,,,,oui
HD 172910,281.080662541667,-35.6419873888889,4.843,"B2,5V",-0.164,0.08,,"B2,5",
HD 173168,282.15793925,-65.0776791388889,5.715,A8V,0.24,-0.03,,A8,
HD 173300,281.41416666666663,-26.990780555555556,3.14,B8III,-0.09,,,,oui
HD 173370,281.208075833333,2.06003777777778,5.0,B9V,-0.06,0.02,,B9,oui
HD 173416,280.9004166666666,36.55661111111111,6.04,G8,1.06,,,,oui
HD 17346,42.30958333333332,57.03325,6.84,K0III,1.25,,,,oui
HD 173495,281.368184208333,5.50012336111111,5.83,"A1V+,,,",0.04,0.02,,A1,
HD 173526,281.23625,22.56218888888889,7.5,G4II,1.0,,,,oui
HD 17361,41.977083333333326,29.247111111111114,4.51,K0.5IIIb,1.12,,,,oui
HD 173648,281.2455,37.6051111111111,4.338,Am,,0.01,s0693,Am,
HD 173654,281.619144583333,-0.961691416666667,7.55,A0V,90.0,0.08,,A2,oui
HD 173667,281.4154166666666,20.546311111111113,4.19,F5.5IV-V,0.46,,,,oui
HD 1737,5.379999999999999,-28.981469444444443,5.17,K0III,1.0,,,,oui
HD 173715,282.21037475,-43.6800441944444,5.458,A3V,0.124,0.04,,A3,
HD 17378,42.4949166666667,57.0843055555556,6.281,A5Ia,,0.78,s0102,A5,
HD 173880,281.75541666666663,18.181530555555558,4.36,A5III,0.13,,,,oui
HD 173936,281.5541666666666,41.44181111111111,6.05,B7III,-0.12,,,,oui
HD 173949,281.07625,61.048138888888886,6.13,G7IV,1.07,,,,oui
HD 174005,282.1645833333333,-6.004311111111111,6.49,A7VkA2mA2_lB,0.22,,,,oui
HD 174237,281.679535375,52.9879618611111,5.9,"B2,5Ve",-0.1,0.14,,"B2,5",
HD 174262,282.222442333333,19.3287217777778,5.894,A1V,0.02,0.0,,A1,
HD 174298,282.2317083333333,24.055861111111113,6.54,B1.5IV,-0.08,,,,oui
HD 174467,282.8329166666667,-17.154280555555555,6.88,A3II,0.24,,,,oui
HD 174481,282.0670833333333,48.76756111111111,6.12,A7III,0.21,,,,oui
HD 174567,282.493083333333,31.6293888888889,6.634,A0Vs,,0.07,s0698,A0,
HD 174585,282.44124999999997,32.81283055555555,5.91,B3IV,-0.16,,,,oui
HD 174589,282.8425,-3.3178611111111107,6.06,F0IV,0.29,,,,oui
HD 174602,282.470488375,32.5510598055556,5.233,A3V,0.094,0.01,,A3,
HD 174638,282.519980208333,33.3626694444444,3.42,B8.5Ib-II,0.0,0.13,,B7,oui
HD 17471 ,42.191268375,25.1880644444444,5.89,A0V,-0.04,-0.03,,A0,
HD 174947,283.5004166666666,-21.359830555555558,5.68,G8/K0II,1.22,,,,oui
HD 174959,282.90208333333334,36.53908055555555,6.08,B6IV,-0.1,,,,oui
HD 174974,283.54249999999996,-22.744830555555556,4.84,K1II,1.41,,,,oui
HD 17505,42.78333333333333,60.41775,7.07,O6.5III((f))n+O8V,0.4,,,,oui
HD 17506,42.674166666666665,55.8955,3.79,K3-Ib-IIa,1.69,,,,oui
HD 175156,283.6795416666666,-15.603030555555556,5.09,B3II,0.12,,,,oui
HD 175191,283.816360416667,-26.2967241111111,2.07,B2V,-0.14,0.11,,B2,oui
HD 175286,281.592651291667,75.43396325,5.368,A1Vn,0.05,0.03,,A1,
HD 175309,283.6208333333333,10.632530555555556,7.44,M4III,1.57,,,,oui
HD 175426,283.431496291667,36.97172,5.569,"B2,5V",-0.136,0.1,,"B2,5",
HD 17543 ,42.3231635,17.4643102222222,5.3,B6V,90.0,0.05,,B6,oui
HD 175510,284.61569625,-52.9386283888889,4.84,A0V,-0.044,-0.03,,A0,
HD 175588,283.6262499999999,36.89861111111111,4.3,M4II,1.67,,,,oui
HD 175638,284.054922916667,4.20358677777778,4.57,A5V,0.17,0.02,,A5,oui
HD 17573 ,42.4959718333333,27.2605072222222,3.59,B8Vn,-0.1,0.02,,B8,oui
HD 175775,284.43249999999995,-21.106669444444446,3.51,G8/K0II/III,1.18,,,,oui
HD 175824,283.69624999999996,48.85938888888889,5.84,F3III,0.44,,,,oui
HD 175865,283.83375,43.946080555555554,4.0,M5III,1.59,,,,oui
HD 175892,284.743541666667,-22.5295,6.151,A1V,,0.02,s0708,A1,
HD 17605,42.64708333333333,36.94833055555555,6.44,G0,0.61,,,,oui
HD 176162,284.849175083333,-12.84051775,5.516,B4V,-0.038,0.14,,B4,
HD 176232,284.744791666667,13.9066111111111,5.913,A4p(EuCrSr),,0.06,s0710,A4,
HD 176318,284.5079166666666,38.26618888888889,5.88,B7IV,-0.1,,,,oui
HD 176411,284.90583333333336,15.068311111111111,4.02,K1-IIICN0.5,1.08,,,,oui
HD 176437,284.7358333333333,32.68956111111111,3.25,B9III,-0.05,,,,oui
HD 1766,5.468749999999999,-23.007638888888888,7.6,G1V,0.54,,,,oui
HD 176630,285.3637499999999,-6.192580555555556,7.65,B5II,0.12,,,,oui
HD 176638,285.778654083333,-42.0951071666667,4.734,"B9,5V",-0.018,0.05,,"B9,5",
HD 176670,285.00333333333333,32.14553055555555,4.93,K2.5III:Ba0.5,1.47,,,,oui
HD 176678,285.4199583333333,-5.739111111111111,4.02,K1III,1.09,,,,oui
HD 176687,285.65291666666667,-29.88006111111111,2.58,A2.5Va,0.1,,,,oui
HD 176848,285.4495833333333,11.455188888888888,7.74,G6IV,1.07,,,,oui
HD 176871,285.322319625,26.2914108611111,5.683,B5V,-0.085,0.08,,B5,
HD 176984,285.727078083333,-3.69898780555556,5.42,A1V,0.0,-0.02,,A1,
HD 176986,285.7745833333333,-11.043919444444445,8.45,K2.5V,0.94,,,,oui
HD 177003,285.0570833333333,50.53346944444444,5.38,B2.5IV,-0.17,,,,oui
HD 177012,285.8420833333333,-12.70956111111111,7.69,B8IV,0.1,,,,oui
HD 17709,42.87833333333333,35.059749999999994,4.53,K5.5III,1.57,,,,oui
HD 177178,285.884384,1.81876805555556,5.826,A4V,0.176,0.06,,A4,
HD 177196,285.359875958333,46.9348103333333,5.01,A6IV,0.18,-0.02,,A7,oui
HD 177241,286.1708333333333,-21.741500000000002,3.77,G9IIIb,1.0,,,,oui
HD 17729 ,42.475758625,-27.9419826111111,5.389,A0V,0.011,0.02,,A0,
HD 177406,286.731696041667,-48.2991437777778,5.957,A0V,-0.009,0.0,,A0,
HD 177423,286.31199999999995,-16.86683888888889,7.97,B5II,-0.02,,,,oui
HD 177490,286.0945416666666,12.997,7.92,A0II,0.25,,,,oui
HD 17769 ,42.873275375,15.0820694444444,5.514,B7V,-0.097,0.03,,B7,
HD 177716,286.735,-27.670419444444445,3.31,K1.5IIIb,1.2,,,,oui
HD 177724,286.352533416667,13.8634772777778,2.99,A0IV-Vnn,0.01,0.04,,A0,oui
HD 177756,286.56224575,-4.88255575,3.43,B8.5V,-0.09,-0.01,,B9,oui
HD 17791,42.834999999999994,2.172811111111111,6.95,M1III,1.73,,,,oui
HD 178125,286.7441666666666,11.071219444444445,5.09,B8III,-0.07,,,,oui
HD 178175,287.069594583333,-19.2902868888889,5.49,B2Ve,-0.06,0.15,,B2,oui
HD 178207,286.229857916667,53.3966563055556,5.38,A0Vn,-0.01,0.0,,A0,
HD 178233,286.65708333333333,28.628580555555555,5.55,F0III,0.29,,,,oui
HD 178322,287.490220166667,-41.8922580277778,5.853,"B6V+,,,",-0.079,0.06,,B6,
HD 178428,286.98879166666666,16.85338888888889,6.1,G4.5V,90.0,,,,oui
HD 178475,286.8254166666666,36.10016944444445,5.25,B6IV,-0.12,,,,oui
HD 17848 ,42.256195875,-62.8065215,5.263,A2V,0.104,0.05,,A2,
HD 178540,287.00833333333327,24.726030555555553,6.6,B5,-0.03,,,,oui
HD 17879,43.564583333333324,52.76246944444444,3.96,G8III+A7V,0.75,,,,oui
HD 17904,43.427499999999995,38.337500000000006,5.34,F6V,0.4,,,,oui
HD 17918,43.29874999999999,16.483469444444445,6.3,F5III,0.44,,,,oui
HD 17925,43.13374999999999,-12.769719444444446,6.05,K1V,0.86,,,,oui
HD 179366,289.30096675,-66.6610539166667,5.516,"A5V+,,,",0.17,0.02,,A5,
HD 179406,288.169635041667,-7.93951694444444,5.362,B3V,0.088,0.29,,B3,
HD 17948,43.987083333333324,61.521138888888885,5.58,F5V,0.42,,,,oui
HD 179985,288.32749999999993,34.480580555555555,7.68,F7III,0.54,,,,oui
HD 180163,288.4395833333333,39.14596944444445,4.4,B2.5IV,-0.15,,,,oui
HD 180163,288.492104166667,39.146,4.397,B2.5IV,,0.07,s0715,B2,
HD 180317,288.822338958333,21.2321179444444,5.654,A4V,0.114,-0.01,,A4,
HD 180482,289.1291666666666,4.834811111111111,5.57,A1V,0.08,,,,oui
HD 180554,289.0541666666666,21.390419444444444,4.77,B4IV,-0.05,,,,oui
HD 180555,289.111614333333,14.5446176111111,5.63,"B9,5V",-0.02,0.05,,"B9,5",
HD 180656,288.5854166666666,55.94038888888888,6.73,K1II,1.06,,,,oui
HD 180711,288.13874999999996,67.66153055555556,3.07,G9III,1.0,,,,oui
HD 180777,287.291163708333,76.5605011666667,5.11,A7V,0.29,0.08,,A7,oui
HD 180809,289.0920833333333,38.133719444444445,4.38,K0II,1.26,,,,oui
HD 180885,289.916637416667,-35.4214532777778,5.577,B3V,-0.116,0.08,,B3,
HD 180968,289.4316666666667,23.025530555555555,5.43,B0.5IV,0.0,,,,oui
HD 181276,289.27583333333337,53.36846944444444,3.76,G9III,0.97,,,,oui
HD 181333,289.91374999999994,12.374669444444445,5.52,F0III,0.25,,,,oui
HD 181454,290.65957375,-44.4589571666667,3.954,B9V,-0.085,-0.02,,B9,
HD 181470,289.992583333333,37.4453055555555,6.246,A0III,,0.05,s0718,A0,
HD 181577,290.41833333333335,-17.847188888888887,3.93,A9IV,0.22,,,,oui
HD 18175,43.80833333333333,0.43678055555555556,7.04,K0III,1.14,,,,oui
HD 181751,290.22624999999994,22.198780555555555,6.55,B8,-0.08,,,,oui
HD 181869,290.971561791667,-40.61593625,3.95,B8V,-0.083,0.03,,B8,
HD 18191,43.95208333333333,18.33163888888889,5.93,M6-III:,1.51,,,,oui
HD 18216,43.88166666666666,2.0182805555555556,6.58,B9V,-0.04,,,,oui
HD 182255,290.71208333333334,26.262419444444443,5.19,B6III,-0.13,,,,oui
HD 182488,290.8916666666666,33.22196944444445,6.4,K0V,90.0,,,,oui
HD 182549,290.76333333333326,46.288938888888886,7.92,G6II,0.88,,,,oui
HD 182568,291.03166666666664,29.621330555555556,4.98,B3IV,-0.13,,,,oui
HD 18262,44.0575,8.381561111111111,5.96,F6III-IVs,0.47,,,,oui
HD 182640,291.3745833333333,3.1147805555555554,3.36,F1IV-V(n),0.32,,,,oui
HD 182681,291.735345166667,-29.7432269444444,5.65,B9V,0.002,0.07,,B9,
HD 182900,291.60041666666666,13.023811111111112,5.75,F6III,0.46,,,,oui
HD 182919,291.555190583333,20.0977340833333,5.594,A0V,0.002,0.01,,A0,
HD 18322,44.10666666666666,-8.898138888888889,3.87,K1+IIIb,1.12,,,,oui
HD 18326,44.846666666666664,60.56653055555555,7.94,O6.5V((f))z+O9/B0V:,0.27,,,,oui
HD 183261,291.97524999999996,20.247380555555555,6.88,B3II,-0.05,,,,oui
HD 18331 ,44.1559294166667,-3.71231958333333,5.16,A3V,0.09,0.01,,A3,
HD 183324,292.254116458333,1.95044886111111,5.793,A0V,0.083,0.09,,A0,
HD 183324,292.492916666667,1.95044444444444,5.793,A0V,,0.03,s0722,A0,
HD 183439,292.1762499999999,24.664919444444443,4.45,M0.5IIIb,1.5,,,,oui
HD 1835,5.715833333333332,-12.209438888888888,6.39,G2.5V,0.66,,,,oui
HD 183534,291.858161958333,52.3204371388889,5.75,A1V,0.0,-0.02,,A1,
HD 183630,292.6658333333333,-2.7888888888888888,5.03,K5III,1.75,,,,oui
HD 183753,292.4816666666666,28.72431111111111,7.65,K3II,1.35,,,,oui
HD 183914,292.689147625,27.9652763888889,5.088,B8Ve,-0.061,0.05,,B8,
HD 184006,292.426494666667,51.7297793888889,3.75,A5V,0.14,0.0,,A5,oui
HD 184008,292.55375,46.1478,7.18,M5III,1.32,,,,oui
HD 18411 ,44.6902910416667,39.6627261388889,4.685,A2Vn,0.069,0.02,,A2,
HD 184171,292.94291666666663,34.45296944444445,4.72,B3IV,-0.12,,,,oui
HD 184279,293.40374999999995,3.7613305555555554,6.98,B0V,0.0,,,,oui
HD 1843,5.83125,62.31406111111111,7.78,K7V,1.79,,,,oui
HD 184313,293.44166666666666,5.465688888888889,6.48,M5-M5.5III,1.52,,,,oui
HD 184722,293.78166666666664,19.004969444444445,6.82,K7III,1.66,,,,oui
HD 184786,293.42333333333335,49.26231111111111,5.96,M4.5III,1.64,,,,oui
HD 18482,44.91624999999999,41.032938888888886,5.88,K2,1.45,,,,oui
HD 184875,293.67191375,42.41251025,5.348,A2V,0.056,0.01,,A2,
HD 184915,294.22249999999997,-7.027469444444445,4.96,B0.5IIIn,-0.03,,,,oui
HD 184930,294.18041666666664,-1.286611111111111,4.36,B5III,-0.08,,,,oui
HD 18509,44.655833333333334,2.1205611111111113,7.55,K3III,1.34,,,,oui
HD 185124,294.4470833333333,-4.647638888888888,5.68,F3IV/V,0.39,,,,oui
HD 185144,293.09,69.66116111111111,4.68,K0V,0.78,,,,oui
HD 18519 ,44.8025,21.3397222222222,4.63,A2Vs,0.04,-0.01,,A2,
HD 18519J,44.8030223333333,21.3404326388889,4.66,"A2V+,,,",0.05,0.0,,A2,
HD 18520 ,44.8028333333333,1.34038333333333,4.63,A2Vs,0.04,-0.01,,A2,
HD 18537 ,45.2175540416667,52.3517283888889,5.22,B7V,-0.06,0.07,,B7,oui
HD 185395,294.11041666666665,50.221111111111114,4.48,F3+V,0.38,,,,oui
HD 18543,44.67541666666666,-2.782888888888889,5.23,A0V,0.0,,,,oui
HD 185507,294.79851025,5.39777213888889,5.178,"B3V+,,,",-0.002,0.2,,B3,
HD 185657,294.48625,49.284419444444445,6.46,G6V,1.02,,,,oui
HD 185758,295.02416666666664,18.01388888888889,4.38,G1II,0.78,,,,oui
HD 185762,295.18041666666664,-0.6212194444444444,5.64,A2V,0.09,,,,oui
HD 185859,295.242083333333,20.4771111111111,6.54,B0.5Iae,,0.63,s0732,B0,
HD 185936,295.273034625,13.8156806111111,5.988,B5V,-0.081,0.08,,B5,
HD 18604,44.928749999999994,8.907361111111111,4.7,B6III,-0.12,,,,oui
HD 18623 ,44.5683666666667,-0.304677777777778,4.3,A1V,0.1,0.08,,A1,
HD 186307,295.48999999999995,40.25413888888889,6.23,A6V,0.17,,,,oui
HD 18633 ,44.9214955416667,-2.464955,5.55,B9V,-0.07,0.0,,"B9,5",oui
HD 186357,295.7045833333333,29.33175,6.53,F1III,0.34,,,,oui
HD 186427,295.46666666666664,50.51753055555555,6.2,G3V,0.66,,,,oui
HD 186500,296.505070375,-31.9085714722222,5.514,B8V,0.018,0.13,,B8,
HD 186568,295.97499999999997,34.166938888888886,6.05,B8III,-0.07,,,,oui
HD 186618,295.84374999999994,47.24471944444444,7.75,B0V,-0.16,,,,oui
HD 186675,296.06916666666666,37.35436111111111,4.89,G8III,0.94,,,,oui
HD 186791,296.565,10.613249999999999,2.72,K3II,1.51,,,,oui
HD 186882,296.2436666666667,45.130811111111115,2.87,A0IV,-0.02,,,,oui
HD 18692,44.90083333333333,-25.27413888888889,5.69,F4V,0.41,,,,oui
HD 186980,296.56624999999997,32.116169444444445,7.48,O7.5III((f)),0.08,,,,oui
HD 18700,45.18374999999999,10.87038888888889,5.93,K6,1.61,,,,oui
HD 187013,296.6066666666666,33.727611111111116,5.0,F5.5IV-V,90.0,,,,oui
HD 187235,296.865750041667,38.4076141944444,5.826,B8Vn,-0.087,0.02,,B8,
HD 187340,296.07666666666665,69.33706111111111,5.9,A2III,0.05,,,,oui
HD 187362,297.24441575,19.1420421111111,5.0,A3V,0.1,0.02,,A3,
HD 18742,45.04458333333333,-20.802611111111112,7.81,G8/K0IV,0.93,,,,oui
HD 187459,297.2108333333333,33.43728055555555,6.46,B0.5II,0.12,,,,oui
HD 187462,297.2858333333333,27.731688888888886,7.0,G0IV,90.0,,,,oui
HD 187642,297.695827291667,8.86832119444444,0.76,A7Vn,0.22,0.02,,A7,oui
HD 187691,297.7568333333333,10.415730555555555,5.11,F8V,90.0,,,,oui
HD 187811,297.767117541667,22.6100481111111,4.893,"B2,5Ve",-0.143,0.1,,"B2,5",
HD 18784,45.29166666666666,-7.663,5.75,G9.5III:,1.06,,,,oui
HD 187879,297.742095833333,40.5998055555556,5.68,B1III,,0.22,s0737,B1,
HD 188001,298.0908333333333,18.671861111111113,6.23,O7.5Iabf,0.01,,,,oui
HD 188041,298.495,-3.11447222222222,5.633,A5pvar,,0.05,s0740,A5,
HD 188119A,297.04333333333335,70.2679111111111,3.91,G7IIIbFe-1,0.92,,,,oui
HD 188209,297.99625000000003,47.02733055555556,5.63,O9.5Iab,-0.08,,,,oui
HD 188252,298.03004166666665,47.931799999999996,5.9,B2III,-0.17,,,,oui
HD 188260,298.3654166666666,24.07961111111111,4.64,B9.5III,-0.07,,,,oui
HD 188293,298.656881333333,-8.22728861111111,5.71,B7Vn,-0.08,0.05,,B7,
HD 188350,298.6866666666666,0.2736388888888889,5.63,B9IV,0.07,,,,oui
HD 188485,298.6295833333333,24.319388888888888,5.52,A0III,-0.02,,,,oui
HD 188512,298.8283333333333,6.406750000000001,3.71,G8IV,0.85,,,,oui
HD 188665,298.322406875,57.5234803055556,5.13,B5V,-0.13,0.04,,B5,oui
HD 188728,299.0595833333333,11.423719444444444,5.28,A1IV,0.01,,,,oui
HD 18883 ,45.5938254166667,4.35288719444444,5.607,B7V,-0.099,0.03,,B7,
HD 18884,45.56999999999999,4.0897499999999996,2.53,M1.5IIIa,1.64,,,,oui
HD 188899,299.487630375,-15.4914876111111,5.011,A2V,0.059,0.01,,A2,
HD 188947,299.07666666666665,35.083419444444445,3.88,K0III,1.03,,,,oui
HD 189005,299.7383333333333,-26.195780555555555,4.85,G6III,0.89,,,,oui
HD 189037,298.907442583333,52.4389476666667,4.92,A4Vn,0.12,0.0,,A4,
HD 18907,45.40666666666666,-28.091549999999998,5.85,G9:V,0.83,,,,oui
HD 189178,299.307783291667,40.3678259444444,5.453,B5V,-0.089,0.07,,B5,
HD 18925,46.19916666666666,53.50643888888889,2.93,G9III+A2-III:,0.7,,,,oui
HD 189301,299.4654166666666,38.121138888888886,7.24,K4II,1.54,,,,oui
HD 189319,299.6892083333333,19.49213888888889,3.47,M0-III,1.57,,,,oui
HD 189350,299.60374999999993,31.47731111111111,7.84,M2,1.77,,,,oui
HD 189395,299.658256833333,30.9836650833333,5.506,B9Vn,-0.059,0.01,,B9,
HD 189410,299.79391666666663,23.101280555555558,5.66,F0,0.33,,,,oui
HD 189475,299.78791666666666,27.51263888888889,6.85,K2II,1.29,,,,oui
HD 189577,300.01374999999996,17.5165,5.35,M3/5III,1.65,,,,oui
HD 189597,299.9241666666667,30.913919444444442,7.57,B6II,0.02,,,,oui
HD 189671,300.0641666666666,26.18788888888889,6.49,G8II,1.15,,,,oui
HD 18970,46.385,56.70571944444445,4.77,G9+IIIb,1.03,,,,oui
HD 189733,300.1820833333333,22.71086111111111,7.65,K2V,0.93,,,,oui
HD 189741,300.49412499999994,-13.637219444444444,5.69,A1IV,0.06,,,,oui
HD 189753,300.13874999999996,27.141969444444445,7.78,K4II,1.5,,,,oui
HD 189763,300.6645833333333,-27.709830555555556,4.58,M4.5III,1.65,,,,oui
HD 189849,300.2749999999999,27.753580555555555,4.65,A4III,0.18,,,,oui
HD 189849,300.494708333333,27.7536111111111,4.663,A4III,,0.03,s0748,A4,
HD 189944,300.436295958333,24.8004217777778,5.87,B4V,-0.14,0.05,,B4,oui
HD 189957,300.24999999999994,42.00856111111111,7.82,O9.7III,0.02,,,,oui
HD 190004,300.5058333333333,24.93805,5.5,F2III,90.0,,,,oui
HD 190067,300.6425,15.592080555555556,7.12,K0VFe-0.9,0.74,,,,oui
HD 190172,301.00499999999994,-7.469469444444445,6.72,F3II,0.35,,,,oui
HD 190406,301.0258333333333,17.070169444444446,5.79,G0V,0.6,,,,oui
HD 190429,300.8725,36.02513888888889,6.63,O4If+O9.5II,0.15,,,,oui
HD 190429A,300.8725,36.025280555555554,7.09,O4If,0.11,,,,oui
HD 190429B,300.8720833333333,36.02471944444444,7.73,O9.5II-III,0.15,,,,oui
HD 19058,46.29416666666667,38.84028055555556,3.39,M4+IIIa,1.65,,,,oui
HD 190603,301.2420875,32.2186111111111,5.659,B1.5 Iae,,0.73,s0751,B1,
HD 19065 ,46.8291575833333,64.0575938611111,5.885,B9V,-0.02,0.05,,B9,
HD 190658,301.36041666666665,15.500419444444445,6.34,M2.5III,1.64,,,,oui
HD 190864,301.41583333333324,35.60778055555556,7.78,O6.5III(f),0.15,,,,oui
HD 190918,301.4887499999999,35.78836111111111,6.75,WN5+O9I,0.13,,,,oui
HD 190993,301.722532791667,23.6144248333333,5.064,B3V,-0.16,0.04,,B3,
HD 191026,301.5908333333333,35.97246944444445,5.4,G8.5IVa,90.0,,,,oui
HD 19107 ,46.068821125,-7.60085719444444,5.3,A5V,0.16,-0.11,,A8,oui
HD 19134J,46.3612007916667,25.2551738055556,5.46,B7Vn,-0.03,0.1,,B7,
HD 191493,302.19541666666663,36.1478,7.34,K5II,1.62,,,,oui
HD 191610,302.356746583333,36.8396221388889,4.929,"B2,5Ve",-0.136,0.1,,"B2,5",
HD 191692,302.82625,-0.8214694444444445,3.22,B9.5III,-0.07,,,,oui
HD 191737,302.10625,58.787280555555554,7.92,G3III,1.04,,,,oui
HD 191747,302.63958333333335,26.90416944444444,5.51,A3III,0.08,,,,oui
HD 192044,303.002922041667,26.4788065833333,5.903,B7Ve,-0.106,0.02,,B7,
HD 192163,303.0272499999999,38.35493888888889,7.5,WN6(h)-s,-0.01,,,,oui
HD 192281,303.13791666666657,40.268169444444446,7.55,O4.5V(n)((f)),0.3,,,,oui
HD 192425,303.56924525,15.1976089722222,4.947,A2V,0.066,0.02,,A2,
HD 192575,302.737125,68.27221944444445,6.84,B0.5V,0.15,,,,oui
HD 192577,303.4079166666666,46.74133055555556,3.8,K3Ib+B2IV-V,1.28,,,,oui
HD 192639,303.6266666666666,37.353830555555554,7.11,O7.5Iabf,0.35,,,,oui
HD 192640,303.633472125,36.8063033611111,4.955,A2V,0.141,0.09,,A2,
HD 192640,303.744083333333,36.8063055555556,4.955,A2V,,0.03,s0759,A2,
HD 192641,303.63249999999994,36.661,7.91,WC7pd+O9V,0.29,,,,oui
HD 192685,303.816230916667,25.5919596944444,4.75,B3V,-0.17,0.03,,B3,oui
HD 19275 ,47.9844545833333,74.3936577777778,4.84,A2Vnn,0.048,0.0,,A2,
HD 192895,304.2520833333333,8.963188888888888,6.49,F2,0.29,,,,oui
HD 192907,302.2220833333333,77.71141944444445,4.4,B9III,-0.05,,,,oui
HD 192947,304.51374999999996,-12.54486111111111,3.58,G9III,0.93,,,,oui
HD 192987,304.11749999999995,37.05638888888888,6.45,B6III,-0.09,,,,oui
HD 193007,304.13083333333327,37.64203055555556,7.95,B0III,0.45,,,,oui
HD 193218,304.47704166666665,34.09033055555556,7.34,M5,1.29,,,,oui
HD 193281,305.244875,-29.1971944444444,6.3,A5/A6V,,0.07,s0761,A5,
HD 193322,304.5291175,40.7320833611111,5.84,O9IV(n)+B1.5V,0.1,0.16,,O9,oui
HD 193369,304.619397291667,36.9998035277778,5.573,A2V,0.053,0.0,,A2,
HD 193432,305.16583333333324,-12.759080555555556,4.76,B9IV,-0.04,,,,oui
HD 193496,305.2529166666667,-14.78138888888889,3.08,G9II:+B8p:Si:,0.79,,,,oui
HD 193514,304.7854166666666,39.27341944444444,7.38,O7Ib(f),0.45,,,,oui
HD 19356 ,47.0422185416667,40.9556466666667,2.12,B8V,-0.05,0.06,,B8,oui
HD 193571,305.614598583333,-42.0495457777778,5.58,A0V,0.01,0.02,,A0,
HD 193592,304.603127958333,55.3970969444444,5.76,A2Vs,0.11,0.06,,A2,
HD 193664,304.38041666666663,66.85368888888888,5.9,G3V,90.0,,,,oui
HD 19373,47.266666666666666,49.613280555555555,4.1,G0V,90.0,,,,oui
HD 19374,46.85708333333333,17.88,6.12,B1.5V,-0.12,,,,oui
HD 193793,305.11662499999994,43.854530555555556,6.85,WC7p+O5,0.4,,,,oui
HD 193807,305.971569416667,-42.4228715555556,5.639,A5V,0.201,0.05,,A5,
HD 193964,304.903001083333,62.2574713888889,5.712,B9V,-0.045,0.03,,B9,
HD 19400 ,45.5643685,-71.9024546944444,5.497,"B3V+,,,",-0.122,0.08,,B3,
HD 194093,305.5570833333333,40.25666944444445,2.23,F8Ib,0.67,,,,oui
HD 194097,305.65541666666667,31.264969444444443,6.07,K2,1.38,,,,oui
HD 194193,305.68874999999997,41.025999999999996,5.93,K7III,1.6,,,,oui
HD 194258,305.0249999999999,68.88029999999999,5.55,M4.5-M5III,1.59,,,,oui
HD 194317,305.965,32.19016944444444,4.44,K2.5IIIFe-0.5,1.33,,,,oui
HD 194335,305.934872458333,37.4764482222222,5.859,B2Vne,-0.17,0.07,,B2,
HD 194636,306.830045333333,-18.2117216666667,5.14,B3/5V,-0.08,0.11,,B4,oui
HD 194711,307.00541666666663,-25.606450000000002,6.76,F8,0.4,,,,oui
HD 19476,47.37416666666666,44.857530555555556,3.81,G9.5IIIb,0.98,,,,oui
HD 194789,306.51624999999996,40.401719444444446,6.64,B8,-0.11,,,,oui
HD 194810,307.1220833333333,-24.163249999999998,7.08,G6/8IV,0.88,,,,oui
HD 195050,306.892741375,38.4403308888889,5.636,A3V,0.068,-0.01,,A3,
HD 195094,307.474629875,-18.5831889722222,5.906,A1V,0.078,0.06,,A1,
HD 19511,47.10374999999999,6.7234694444444445,7.67,G4III,0.98,,,,oui
HD 195338,307.1852916666666,47.611219444444444,7.48,G8IIFe0.5,1.15,,,,oui
HD 19536,47.88208333333333,60.63511111111111,7.29,A2II,0.05,,,,oui
HD 195554,307.362961958333,56.06818925,5.889,B9Vne,-0.051,0.02,,B9,
HD 19557,47.855416666666656,57.90311111111111,8.59,C-J4,1.45,,,,oui
HD 195592,307.6458333333333,44.31525,7.08,O9.7Ia,0.87,,,,oui
HD 195725,307.3954583333333,62.99411111111111,4.22,A7III,0.2,,,,oui
HD 195810,308.3033333333333,11.30325,4.03,B6IV,-0.13,,,,oui
HD 195835,308.2133333333333,27.212169444444445,6.88,K0II,1.09,,,,oui
HD 195986,308.21791666666667,43.191580555555554,6.59,B4III,-0.12,,,,oui
HD 196180,308.827231791667,14.6742131944444,4.664,A3V,0.104,0.02,,A3,
HD 196321,309.1816666666666,-2.5499388888888888,4.88,K4+IIIBa1,1.59,,,,oui
HD 196502,307.992833333333,74.9546111111111,5.191,A0p...,,0.13,s0764,A0,
HD 196504,309.269468916667,26.4619468611111,5.589,B9V,-0.05,0.02,,B9,
HD 196524,309.3870833333333,14.595080555555557,3.63,F5IV,0.44,,,,oui
HD 196544,309.454664125,11.3776765555556,5.428,A2V,0.051,0.0,,A2,
HD 196544,309.494041666667,11.3776944444444,5.428,A2V,,0.01,s0767,A2,
HD 196610,309.4779166666666,18.268580555555555,5.89,M6III,1.49,,,,oui
HD 196662,309.818,-14.954761111111111,5.2,B7III,90.0,,,,oui
HD 196724,309.630578666667,21.2011796388889,4.82,A0V,-0.02,-0.01,,A0,
HD 196740,309.63291666666663,24.115969444444445,5.05,B5IV,-0.13,,,,oui
HD 196775,309.770700791667,15.8382001666667,5.98,B3V,-0.16,0.04,,B3,
HD 19683,48.13333333333333,56.14911111111111,7.47,M3III,1.76,,,,oui
HD 196867,309.9095833333333,15.912080555555557,3.8,B9IV,-0.06,,,,oui
HD 19698 ,47.6616367083333,11.8726238333333,5.965,B8V,-0.058,0.05,,B8,
HD 197226,310.2516666666666,39.08233055555556,6.5,B6III,-0.11,,,,oui
HD 197345,310.35791666666665,45.28033055555555,1.25,A2Ia,0.09,,,,oui
HD 19736,48.04,42.37591944444444,6.14,B5V,-0.11,,,,oui
HD 197461,310.995208333333,15.0746111111111,4.434,A7IIIp...,,0.01,s0771,A7,
HD 197489,310.83333333333326,25.824749999999998,7.04,A5II,0.34,,,,oui
HD 197511,310.55261825,50.3400251944444,5.4,B2V,-0.12,0.13,,B2,oui
HD 1976,6.065416666666666,52.01991944444444,5.58,B5IV,-0.12,,,,oui
HD 197637,309.00283333333334,79.43038055555556,6.94,B3,-0.14,,,,oui
HD 197725,311.541616208333,-21.514033,5.913,A1V,0.062,0.04,,A1,
HD 197770,310.80708333333325,57.114000000000004,6.33,B2III,0.26,,,,oui
HD 197912,311.4158333333333,30.719719444444443,4.23,K0IIIa,1.06,,,,oui
HD 197950,310.795916083333,66.6574455,5.6,A8V,0.21,-0.06,,A8,oui
HD 197961,311.3374999999999,46.354800000000004,6.69,A1IV,0.01,,,,oui
HD 197964,311.66458333333327,16.124311111111112,4.25,K1IV,1.01,,,,oui
HD 197989,311.5529166666666,33.97025,2.48,K0III,1.04,,,,oui
HD 198001,311.918969166667,-9.49577436111111,3.77,B9.5V,0.0,-0.01,,"A1,5",oui
HD 198001,311.9935,-9.49577777777778,3.77,A1V,,0.02,s0776,A1,
HD 198026,311.93416666666667,-5.027688888888889,4.44,M3III,1.67,,,,oui
HD 198069,311.951385666667,6.00820755555556,5.612,A0V,-0.012,0.0,,A0,
HD 19814,47.67333333333333,-20.111500000000003,7.63,G8/K0IV,0.95,,,,oui
HD 198149,311.3225,61.83878055555556,3.41,K0IV,0.91,,,,oui
HD 198183,311.85224025,36.4907149166667,4.87,B5Ve,-0.11,0.05,,B5,
HD 19820,48.52208333333333,59.56346944444444,7.08,O8.5III(n)((f)),0.48,,,,oui
HD 198272,312.32166666666666,-0.5633305555555556,6.36,M5III,1.4,,,,oui
HD 19850,47.77208333333332,-13.264280555555555,6.36,F6III,0.61,,,,oui
HD 198781,312.3224583333333,64.0422611111111,6.45,B0.5V,0.02,,,,oui
HD 198809,313.03208333333333,27.096969444444444,4.57,G7IIIFe-1,0.83,,,,oui
HD 198820,313.0016666666666,32.848888888888894,6.44,B3III,-0.15,,,,oui
HD 199081,313.311479291667,44.3872613333333,4.77,B5V,-0.14,0.03,,B5,oui
HD 199095,310.646816708333,82.5311587777778,5.75,A0V,-0.01,0.0,,A0,
HD 199098,313.3275,45.181669444444445,5.46,K0II,1.09,,,,oui
HD 199251,313.74054166666656,33.76401111111111,6.93,M4,1.72,,,,oui
HD 199254,313.91071675,12.5685583055556,5.54,A5V,0.11,-0.01,,A4,oui
HD 199394,313.78791666666666,46.35016944444445,6.98,K0III,1.02,,,,oui
HD 199498,314.2967916666666,16.25141111111111,7.57,M7,1.4,,,,oui
HD 199579,314.145,44.92471944444444,5.96,O6.5V((f))z,0.05,,,,oui
HD 199603,314.674331875,-14.4831269166667,5.959,A9V,0.221,-0.08,,A9,
HD 199629,314.293412791667,41.1671386388889,3.939,A1Vne,0.016,0.0,,A1,
HD 199661,314.070875,56.88751944444444,6.22,B2.5IV,-0.17,,,,oui
HD 199697,314.56833333333327,22.325919444444445,5.29,K3.5III,1.42,,,,oui
HD 199766,314.77166666666665,4.295830555555556,6.0,F5(V)+F6(V),90.0,,,,oui
HD 199766A,314.77504166666665,4.3,5.96,F5(V),0.52,,,,oui
HD 19978 ,50.0823236666667,77.7347428888889,5.44,A6V,0.21,0.02,,A6,oui
HD 199799,314.4715833333333,44.788149999999995,7.48,MS,1.65,,,,oui
HD 19994,48.199999999999996,-1.2,5.07,F8.5V,0.56,,,,oui
HD 199941,314.96166666666664,16.824330555555555,6.62,F4III,0.37,,,,oui
HD 199942,315.0249999999999,7.516938888888888,6.0,F1Vp,0.27,,,,oui
HD 199955,314.625141041667,50.4617891388889,5.6,B5Vn,-0.14,0.02,,B5,
HD 200030,314.85249999999996,42.324469444444446,6.46,B9,-0.09,,,,oui
HD 20010,48.0175,-28.98693888888889,3.85,F6V+G7V,0.51,,,,oui
HD 200120,314.956488166667,47.5209504444444,4.74,"B1,5Vnne",-0.05,0.21,,"B1,5",
HD 200310,315.295535041667,46.1557726666667,5.417,B1Ve,-0.2,0.06,,B1,
HD 20041,48.9924166666667,57.1406111111111,5.826,A0Ia,,0.73,s0110,A0,
HD 200499,316.1012555,-19.8549919722222,4.84,A5V,0.18,0.01,,A5,oui
HD 200761,316.486782625,-17.2328616944444,4.07,A1V,-0.01,0.0,,A1,oui
HD 200877,316.4520833333333,15.327219444444443,6.64,F7IV,0.46,,,,oui
HD 200905,316.2329166666666,43.927861111111106,3.73,K4.5Ib-II,1.66,,,,oui
HD 200914,316.78208333333333,-25.005861111111113,4.5,M1-III,1.61,,,,oui
HD 201091,316.7245833333333,38.74941944444445,5.21,K5V,1.18,,,,oui
HD 2011,6.197916666666666,61.831050000000005,5.38,B9III,0.0,,,,oui
HD 201184,317.140105375,-21.1936715833333,5.28,A0V,0.01,0.02,,A0,
HD 201345,316.9808333333333,33.397,7.76,ON9.2IV,-0.15,,,,oui
HD 201433,317.162040708333,30.2056370833333,5.687,B9V,-0.076,-0.01,,B9,
HD 20149 ,48.835153375,30.55668875,5.61,A1Vs,0.01,-0.01,,A1,
HD 20150 ,48.7254054583333,21.0444473055556,4.88,A1V,-0.006,-0.03,,A1,
HD 201522,317.12337499999995,47.25706111111111,7.9,B5V,-0.06,,,,oui
HD 201636,316.59708333333333,71.43180000000001,5.88,F3IV,0.38,,,,oui
HD 201836,317.629125,47.69221944444444,6.6,B6IV,90.0,,,,oui
HD 201908,316.371940875,78.1263940555556,5.915,B8Vn,-0.073,0.04,,B8,
HD 202109,318.23416666666657,30.226919444444444,3.21,G8+III-IIIaBa0.5,0.99,,,,oui
HD 202124,318.1183333333333,44.5317,7.76,O9Iab,0.18,,,,oui
HD 202214,317.9508333333333,59.98661111111111,5.6,O9.5IV,90.0,,,,oui
HD 202275,318.62125,10.00286111111111,4.49,F7(V)+G0(V),0.5,,,,oui
HD 202444,318.69791666666663,38.04531111111111,3.73,F2IV,0.39,,,,oui
HD 202448,318.95583333333326,5.247830555555556,3.93,G6IV+B9.5V,0.51,,,,oui
HD 202466,319.0741666666666,-9.214669444444445,6.46,M2/3III,1.57,,,,oui
HD 202627,319.484516625,-32.1725420833333,4.721,A1V,0.073,0.05,,A1,
HD 202654,318.9049999999999,47.974000000000004,6.44,B4IV,-0.14,,,,oui
HD 202730,319.966623125,-53.4494254166667,4.4,A5V(n),0.18,0.03,,A5,
HD 202753,319.546137875,-4.51947988888889,5.815,B5V,-0.122,0.04,,B5,
HD 20277,49.14666666666666,32.18403055555555,5.99,G8IV,0.98,,,,oui
HD 202900,317.86566666666664,78.97541111111111,7.13,B3,0.03,,,,oui
HD 202904,319.479479416667,34.8968969166667,4.43,B2Vne,-0.11,0.13,,B2,
HD 203064,319.6133333333333,43.945949999999996,5.0,O7.5IIIn((f)),-0.01,,,,oui
HD 203096,319.7305416666667,41.04051944444444,6.15,A5IV,0.26,,,,oui
HD 203137,319.68924999999996,50.06935,7.0,K4+IIIBa0.5,1.87,,,,oui
HD 20315 ,49.447303625,44.0250222222222,5.478,B8V,-0.059,0.05,,B8,
HD 203156,319.8424999999999,38.23746944444444,5.88,F1II+B7.0V,0.48,,,,oui
HD 203206,320.0586249999999,22.02618888888889,6.28,B6IV,-0.11,,,,oui
HD 203245,319.869792666667,49.5102951666667,5.74,B6V,-0.13,0.01,,B6,
HD 203265,319.635,61.18438888888888,6.49,M3,1.54,,,,oui
HD 203280,319.645,62.58558055555556,2.46,A8Vn,0.22,,,,oui
HD 203358,320.20874999999995,32.452219444444445,5.68,G8IV,90.0,,,,oui
HD 20336 ,49.9969694583333,65.6522917222222,4.728,"B2,5Vne",-0.107,0.13,,"B2,5",
HD 203378,319.9282083333333,55.450069444444445,7.32,M6III,1.42,,,,oui
HD 203504,320.52166666666665,19.8045,4.09,K1III,1.11,,,,oui
HD 203562,320.723389333333,6.81114083333333,5.159,A3V,0.06,-0.02,,A3,
HD 20365 ,49.6572552916667,50.2221756944445,5.158,B3V,-0.073,0.13,,B3,
HD 20367,49.41666666666666,31.12706111111111,6.4,F8V,0.56,,,,oui
HD 203712,320.7025,40.932561111111106,7.16,M7III,1.17,,,,oui
HD 203729,320.39033333333333,60.5818,7.62,F3,0.4,,,,oui
HD 203925,321.1416666666666,26.174561111111114,5.66,A8III,0.31,,,,oui
HD 203938,320.95916666666665,47.16455,7.08,B0.5IV,0.46,,,,oui
HD 204041,321.493291666667,0.534333333333333,6.468,A1IV,,0.03,s0796,A1,
HD 20418 ,49.7818288333333,50.0949673888889,5.03,B5V,-0.07,0.09,,B5,oui
HD 204403,321.839026125,37.1167973333333,5.289,B3V,-0.139,0.06,,B3,
HD 204414,321.916905,27.6085943333333,5.389,A1V,0.046,0.03,,A1,
HD 204428,321.687375333333,52.8985351388889,5.99,B7III,-0.11,0.03,,B6,oui
HD 204536,321.97624999999994,46.561499999999995,6.86,B3III,-0.1,,,,oui
HD 204585,322.2491666666666,22.179450000000003,5.95,M4.5IIIa,1.36,,,,oui
HD 20468,49.6825,34.22263888888889,4.82,K2IIbCN0.5,1.49,,,,oui
HD 204724,322.4870833333333,23.638830555555554,4.51,M1+III,1.58,,,,oui
HD 204770,321.942254291667,66.8090960555556,5.407,B7V,-0.097,0.03,,B7,
HD 204827,322.2408333333333,58.739780555555555,7.94,O9.5IV,0.8,,,,oui
HD 205021,322.1649999999999,70.56071944444444,3.23,B0.5IIIs,-0.22,,,,oui
HD 205021,322.2421125,70.5606944444444,3.216,B2IIIvar,,0.04,s0800,B2,
HD 205021B,322.15374999999995,70.55916944444444,8.63,A1V,90.0,,,,oui
HD 205139,322.7470833333333,60.459450000000004,5.52,B1Ib,0.08,,,,oui
HD 205314,323.235801583333,49.9776256944445,5.766,A0V,-0.032,-0.02,,A0,
HD 2054,6.276666666666666,53.04678055555556,5.72,B9IV,-0.07,,,,oui
HD 205435,323.49541666666664,45.59183055555556,4.02,G8IIIFe-0.5,0.89,,,,oui
HD 20559,49.59333333333333,-0.9302805555555556,5.5,G9IV,90.0,,,,oui
HD 205767,324.437955458333,-7.85420275,4.69,A7V,0.169,-0.03,,A7,
HD 205782,324.3712499999999,4.682438888888889,6.53,A2III+(F),0.33,,,,oui
HD 205835,324.237399833333,40.413521,5.052,A5V,0.182,0.03,,A5,
HD 205837,324.42379166666666,15.215969444444443,7.44,G4III,0.93,,,,oui
HD 205852,324.4391666666666,19.31861111111111,5.45,F1IV,0.3,,,,oui
HD 206088,325.0229166666666,-16.66231111111111,3.67,kF0hF1VmF2,0.31,,,,oui
HD 206121,324.61999999999995,49.795249999999996,7.02,G5II,0.84,,,,oui
HD 206165,324.4921,62.0818888888889,4.788,B2 Ib,,0.47,s0809,B2,
HD 20618,49.98249999999999,27.07113888888889,5.92,G7IV,0.86,,,,oui
HD 206267,324.73999999999995,57.48903055555556,5.62,O6.0V((f))+O9:V,0.21,,,,oui
HD 206312,324.9816666666666,49.132780555555556,7.12,K1II,1.23,,,,oui
HD 206330,325.04625,43.273830555555556,5.09,M1IIIab,1.6,,,,oui
HD 206644,325.595661958333,41.0770204722222,5.733,A0V,0.051,0.06,,A0,
HD 206672,325.52374999999995,51.189611111111105,4.66,B3III,-0.11,,,,oui
HD 206731,325.66166666666663,49.60025,6.09,G8II,0.99,,,,oui
HD 206742,326.236706,-33.0257827777778,4.335,A0V,-0.032,-0.02,,A0,
HD 20677 ,50.360660875,43.3296497222222,4.947,A3V,0.07,-0.01,,A3,
HD 206774,325.856884,38.2835894166667,5.699,A0V,-0.003,0.01,,A0,
HD 206778,326.0466666666666,9.875,2.39,K2Ib-II,1.52,,,,oui
HD 206826,326.02916666666664,28.746669444444446,4.7,F7V,0.44,,,,oui
HD 206827,326.02916666666664,28.746669444444446,6.12,F3V,0.55,,,,oui
HD 206901,326.16125,25.645,4.13,F5V,0.42,,,,oui
HD 207052,326.633739125,-11.3659553055556,5.57,A1V,-0.003,-0.02,,A1,
HD 207071,326.48541666666665,25.583419444444445,6.56,B8,-0.08,,,,oui
HD 207098,326.76,-16.127280555555554,2.83,kA5hF0mF2III,0.29,,,,oui
HD 207119,326.3016666666666,52.267580555555554,6.37,K3IIBa0.5,1.88,,,,oui
HD 207155,326.933958041667,-30.8983063055556,5.016,A2V,0.054,0.0,,A2,
HD 207198,326.2220833333333,62.46056111111111,5.94,O8.5II,0.31,,,,oui
HD 207203,326.808176541667,2.68612447222222,5.631,A1V,0.01,-0.01,,A1,
HD 207260,326.493791666667,61.1208055555556,4.312,A2 Ia,,0.03,s0815,A2,
HD 207328,326.5691666666666,58.06246944444444,7.45,M3IIIaBa0.5,1.9,,,,oui
HD 207330,326.69833333333327,49.309580555555556,4.18,B3III,-0.07,,,,oui
HD 207538,326.9158333333333,59.700361111111114,7.3,O9.7IV,0.25,,,,oui
HD 20756,50.30666666666666,21.147080555555554,5.36,B5IV,-0.1,,,,oui
HD 207650,327.4612255,30.1742132777778,5.071,A1Vs,0.009,-0.01,,A1,
HD 207673,327.493833333333,41.1488055555556,6.492,A2 Ib,,0.0,s0819,A2,
HD 207793,327.51041666666663,52.6973,6.57,B0.5III,0.33,,,,oui
HD 20782,50.01499999999999,-28.85408055555556,7.38,G1.5V,0.65,,,,oui
HD 20791,50.27833333333333,3.675611111111111,5.69,G9IIIBa0.2,0.97,,,,oui
HD 208057,328.265701083333,25.9251361666667,5.078,B3Ve,-0.153,0.05,,B3,
HD 20809 ,50.8049817083333,49.2132673611111,5.3,B5V,-0.07,0.09,,B5,
HD 208108,328.405757375,19.6684386388889,5.68,A0Vs,0.019,0.03,,A0,
HD 208218,328.14624999999995,62.71216944444445,6.71,B1III,0.19,,,,oui
HD 20825,50.549583333333324,27.607561111111114,5.52,G5III,1.1,,,,oui
HD 208321,329.0948735,-37.2536555833333,5.457,A2Vn,0.079,0.03,,A2,
HD 208527,329.09999999999997,21.23986111111111,6.37,K5V,1.69,,,,oui
HD 208565,329.234887208333,12.0764913611111,5.544,A2Vnn,0.045,0.0,,A2,
HD 208682,328.879165666667,65.3208095,5.939,"B2,5Ve",-0.097,0.14,,"B2,5",
HD 208801,329.7290833333333,-4.37311111111111,6.22,G8/K0III,1.0,,,,oui
HD 209008,330.0329166666666,6.717438888888889,6.0,B3III,-0.12,,,,oui
HD 209014,330.209272375,-28.4537399722222,5.62,B8Ve,-0.09,0.02,,B8,
HD 20902,51.08083333333333,49.86116944444444,1.79,F5Ib,0.48,,,,oui
HD 209026,329.95666666666665,23.94086111111111,7.07,M5,1.32,,,,oui
HD 209111,328.61041666666665,80.3085611111111,6.52,M3,1.45,,,,oui
HD 209149,330.11125,33.005919444444444,6.47,F5III,0.42,,,,oui
HD 209166,330.2720833333333,13.119830555555556,5.6,F4III,0.34,,,,oui
HD 209218,330.0195833333333,55.01975,7.86,A0II,0.5,,,,oui
HD 209339,330.16374999999994,62.4878,8.51,O9.7IV,0.22,,,,oui
HD 209419,330.46083333333326,52.88225,5.78,B5III,-0.12,,,,oui
HD 209459,330.829300625,11.3865490277778,5.824,"B9,5V",-0.05,0.02,,"B9,5",
HD 209481,330.519053625,58.0003637777778,5.54,O9IV(n)var+B1:V:,0.01,0.06,,O9,oui
HD 209515,330.73625,44.64986111111111,5.6,A0IV,-0.03,,,,oui
HD 20965,50.56833333333333,-21.10013888888889,6.72,K2II,1.23,,,,oui
HD 209709,331.2645833333333,14.815919444444445,6.42,M0,1.53,,,,oui
HD 209750,331.44587499999994,-0.3198611111111111,2.94,G2Ib,0.96,,,,oui
HD 209772,330.9708333333333,63.11991944444444,5.3,M5III,1.47,,,,oui
HD 209819,331.609280916667,-13.86968375,4.27,B8V,-0.07,0.05,,B8,oui
HD 209833,331.39447575,28.9639775833333,5.7,B9Vn,-0.06,0.01,,B9,
HD 209905,331.6620833333333,2.4394694444444447,6.51,B9IV,-0.08,,,,oui
HD 20995 ,51.1237564583333,33.5359616388889,5.79,A0V,-0.02,-0.01,,A0,
HD 209952,332.058269708333,-46.9609743888889,1.74,B6V,-0.13,0.01,,B6,
HD 209975,331.2866666666666,62.2798,5.11,O9Ib,0.08,,,,oui
HD 210027,331.75291666666664,25.34511111111111,3.77,F5V,0.43,,,,oui
HD 210090,331.87499999999994,18.000719444444446,6.35,M1,1.61,,,,oui
HD 210129,331.959599875,21.7029255277778,5.783,B7Vne,-0.076,0.05,,B7,
HD 21019,50.82374999999999,-7.794111111111111,6.23,G5/6V,0.69,,,,oui
HD 210191,332.2457916666666,-18.519588888888887,5.79,B2III,-0.16,,,,oui
HD 210210,332.07166666666666,25.543530555555556,6.07,F1IV,0.29,,,,oui
HD 210271,332.482088291667,-34.0149653333333,5.377,A5V,0.215,0.07,,A5,
HD 210418,332.55,6.197861111111111,3.55,A1Va,0.07,,,,oui
HD 210424,332.65625,-11.56493888888889,5.42,B5III,-0.12,,,,oui
HD 210459,332.4966666666666,33.178219444444444,4.29,F5III,0.46,,,,oui
HD 210532,331.8379166666667,74.73305,7.3,M4,1.9,,,,oui
HD 210594,332.7154166666666,30.553,6.32,A8IV,0.18,,,,oui
HD 210715,332.791203875,50.8234051111111,5.386,A5V,0.142,-0.01,,A5,
HD 210745,332.71375,58.20125,3.35,K1.5Ib,1.55,,,,oui
HD 210762,333.03374999999994,24.95063888888889,5.92,K0,1.51,,,,oui
HD 210809,332.91083333333324,52.429969444444446,7.56,O9Iab,0.05,,,,oui
HD 210819,332.98958333333326,50.196188888888884,7.3,F0II+,0.0,,,,oui
HD 210839,332.8775,59.4145,5.05,O6.5I(n)fp,0.24,,,,oui
HD 21085,51.51875,49.745580555555556,7.12,A3II,0.37,,,,oui
HD 211073,333.4695833333333,39.71491944444445,4.49,K2.5III,1.39,,,,oui
HD 211096,333.4549999999999,45.44061111111111,5.53,A0III,0.0,,,,oui
HD 211152,333.69999999999993,24.31495,6.99,F7III,0.47,,,,oui
HD 211211,333.684877833333,42.9539095,5.72,A2Vnn,0.0,-0.05,,A2,
HD 211300,333.21999999999997,73.3072,6.08,G8III,1.0,,,,oui
HD 211336,333.75916666666666,57.04358055555555,4.19,F0V(Sr),90.0,,,,oui
HD 211606,334.4470833333333,26.936530555555557,6.61,K5II,1.62,,,,oui
HD 211822,334.65708333333333,52.65603055555555,7.29,G2III,1.15,,,,oui
HD 212043,335.02624999999995,56.91803055555555,6.55,B6II,-0.08,,,,oui
HD 212061,335.41406425,-1.38733419444444,3.83,A0V,-0.04,-0.02,,A0,oui
HD 212097,335.33045833333335,28.330530555555555,4.81,B9III,0.0,,,,oui
HD 212120,335.256446958333,46.5365683611111,4.54,B6V,-0.11,0.04,,B6,oui
HD 212404,336.028684708333,-4.83701922222222,5.781,A0V,-0.027,-0.02,,A0,
HD 212500,336.10374999999993,16.26293888888889,6.94,F4III,0.41,,,,oui
HD 212571,336.319261875,1.3773985,4.794,B1Ve,-0.168,0.09,,B1,
HD 212581,336.833197708333,-64.9663548611111,4.495,"B9,5V",-0.013,0.06,,"B9,5",
HD 212698,336.6427916666666,-16.74213888888889,6.22,G2V,0.61,,,,oui
HD 212710,333.294223333333,86.1079546111111,5.264,"B9,5Vn",-0.024,0.05,,"B9,5",
HD 212728,337.15696125,-67.4890597222222,5.57,A4V,0.19,0.07,,A4,
HD 21278 ,52.0127927916667,49.0628662777778,4.97,B5V,-0.08,0.08,,B5,oui
HD 21279,51.982499999999995,47.73593888888889,7.25,B8.5V,0.04,,,,oui
HD 212988,336.94291666666663,31.84006111111111,5.99,K2,1.45,,,,oui
HD 213050,336.9316666666666,51.49283055555556,7.34,A0II,0.12,,,,oui
HD 213052,337.2079166666666,-0.019969444444444442,4.34,F2IV/V,0.45,,,,oui
HD 213179,337.2925,26.763188888888887,5.78,K2II,1.25,,,,oui
HD 213235A,337.47499999999997,4.433330555555556,5.7,F8(V),0.39,,,,oui
HD 213307,337.2883333333333,58.404111111111106,6.3,B7IV,-0.02,,,,oui
HD 213307,337.49225,58.4041111111111,6.3,A0,,0.1,s0834,A0,
HD 213323,337.507561625,32.5726398333333,5.628,"B9,5V",-0.031,0.04,,"B9,5",
HD 213398,337.876376583333,-32.3460736944444,4.289,A0V,0.02,0.03,,A0,
HD 213420,337.6220833333333,43.12338888888889,4.51,B2IV,-0.11,,,,oui
HD 213464,337.9221666666666,-10.905561111111112,6.38,A9/F0V,0.29,,,,oui
HD 213470,337.744291666667,57.2253888888889,6.696,A3 Ia,,0.02,s0836,A3,
HD 213558,337.822922125,50.2824911666667,3.77,A1V,0.01,0.01,,A1,oui
HD 21362 ,52.2180288333333,49.8483816111111,5.578,B6Vn,-0.055,0.08,,B6,
HD 21364 ,51.792294625,9.73267619444444,3.727,B9Vn,-0.064,0.01,,B9,
HD 213660,338.109906333333,39.7797312777778,5.88,A6V,0.15,-0.02,,A6,oui
HD 213798,337.470746583333,78.8242856111111,5.46,A3V,0.08,0.0,,A3,
HD 213973,338.2620833333333,69.91356111111112,6.0,A9III,90.0,,,,oui
HD 21402 ,52.0862501666667,33.8075575,5.73,A2V,0.04,-0.01,,A2,
HD 214035,338.06761175,76.2264404722222,5.7,A2V,0.01,-0.04,,A2,
HD 214080,339.242091666667,-16.388,6.818,B1/B2Ib,,0.05,s0837,B1,
HD 214150,339.245225208333,-40.5910353333333,5.878,A1V,0.056,0.04,,A1,
HD 214167,338.96785175,39.6343286111111,5.73,B2Ve,-0.15,0.09,,B2,
HD 214203,339.15125,11.69663888888889,6.42,A1III,0.02,,,,oui
HD 21428 ,52.3418757916667,49.5089476111111,4.74,B3V,-0.12,0.1,,B3,oui
HD 214454,339.3433333333333,51.54511111111111,4.63,A9VkA7mA6,0.24,,,,oui
HD 21447 ,52.5007625833333,55.4518099444445,5.09,A1V,0.05,0.03,,A1,
HD 214484,339.71444375,-33.0813483888889,5.668,A2Vp,0.036,-0.01,,A2,
HD 214567,339.71916666666664,19.52225,5.82,G8II,0.93,,,,oui
HD 214665,339.6579166666666,56.79563888888889,5.17,M4+III,1.52,,,,oui
HD 21467,52.11083333333333,22.804000000000002,6.03,G9IV,0.96,,,,oui
HD 214680,339.815327666667,39.0502697777778,4.88,O9V,-0.21,-0.17,,O9,oui
HD 214734,339.6629166666666,63.584469444444444,5.19,A0IV,0.07,,,,oui
HD 214748,340.163919791667,-27.0436154722222,4.18,B8Ve,-0.094,0.02,,B8,
HD 214749,340.18074999999993,-29.674480555555558,7.84,K4.5Vk,1.16,,,,oui
HD 214850A,340.22499999999997,14.55,6.05,G4V,0.81,,,,oui
HD 214923,340.365503,10.8313633055556,3.41,B8V,-0.08,0.02,,B8,oui
HD 214966,340.5920416666666,-29.361050000000002,6.17,M3III,1.5,,,,oui
HD 214983,340.5249999999999,-5.101969444444444,6.53,M4III,1.47,,,,oui
HD 214993,340.3695833333333,40.22545,5.23,B2III,-0.15,,,,oui
HD 214994,340.4391666666666,29.30763888888889,4.79,A1IV,-0.01,,,,oui
HD 214994,340.49325,29.3076111111111,4.797,A1IV,,0.02,s0841,A1,
HD 215182,340.7504166666666,30.221249999999998,2.95,G8II+F0V,0.86,,,,oui
HD 215371,340.76833333333326,65.33624999999999,6.75,B1.5V,-0.04,,,,oui
HD 21551 ,52.6539671666667,48.1035970833333,5.817,B8V,-0.04,0.07,,B8,
HD 21552,52.64375,47.995219444444444,4.36,K3-III,1.35,,,,oui
HD 215648,341.6733333333333,12.172888888888888,4.2,F6V,0.49,,,,oui
HD 215665,341.6329583333333,23.565669444444445,3.93,G8IIIaCN0.5,1.07,,,,oui
HD 215733,341.7604166666667,17.23306111111111,7.34,B1II,-0.13,,,,oui
HD 215766,341.9282055,-14.0564280277778,5.678,B9V,-0.017,0.05,,B9,
HD 215907,341.84666666666664,58.48303055555556,6.36,B9.5IV,-0.04,,,,oui
HD 216032,342.39795833333324,-13.592638888888889,3.98,M0III,1.59,,,,oui
HD 216131,342.5008749999999,24.601580555555557,3.48,G8+III,0.94,,,,oui
HD 216228,342.41999999999996,66.20041944444445,3.54,K0-III,1.06,,,,oui
HD 216385,343.10041666666666,9.835669444444445,5.2,F6V,90.0,,,,oui
HD 216386,343.15374999999995,-7.579611111111111,3.79,M2.5IIIFe-0.5,1.65,,,,oui
HD 21641,52.887916666666655,47.862411111111115,6.76,B8.5V,-0.03,,,,oui
HD 216608,343.417316708333,44.7491658055556,5.808,"A3Vm+,,,",0.267,0.19,,A3,
HD 216627,343.662556291667,-15.8208272777778,3.28,A3Vp,0.05,-0.01,,A3,oui
HD 21665,52.41291666666666,-6.804438888888889,5.99,K0III,1.02,,,,oui
HD 216701,343.74795833333326,1.0649194444444445,6.11,A3IV,0.2,,,,oui
HD 216735,343.806966541667,8.81616477777778,4.906,A1V,0.002,-0.02,,A1,
HD 216756,343.7608333333333,37.07683055555556,5.9,F4V,0.39,,,,oui
HD 216831,343.93541666666664,36.35138888888889,5.72,B7III,-0.06,,,,oui
HD 21684,52.87624999999999,40.75995,6.49,A5,0.23,,,,oui
HD 21686 ,52.6019465,11.336441,5.125,A0Vn,-0.028,-0.02,,A0,
HD 2169,6.780833333333332,80.05213888888889,6.54,B9,-0.1,,,,oui
HD 216916,344.242116666667,41.6038888888889,5.584,B2IV,,0.1,s0853,B2,
HD 216956,344.412692708333,-29.6222370277778,1.16,A4V,0.09,-0.03,,A4,oui
HD 217014,344.3666666666666,20.768830555555553,5.46,G2IV,0.7,,,,oui
HD 217035,344.12874999999997,62.868611111111115,8.5,B0.5Vn+B0.5V,90.0,,,,oui
HD 217086,344.19666666666666,62.727111111111114,7.66,O7Vnn((f))z,0.64,,,,oui
HD 217107,344.56458333333325,-2.395388888888889,6.16,G8IV/V,0.76,,,,oui
HD 217157,342.76262499999996,85.37373888888888,5.89,K5,1.34,,,,oui
HD 217232,344.799224625,11.7288430833333,5.75,"A8V+,,,",0.32,0.05,,A8,
HD 217312,344.66583333333324,63.07713888888889,7.4,B5,0.34,,,,oui
HD 217428,345.1579583333333,0.1858611111111111,6.22,G8/K0III,0.88,,,,oui
HD 217563,345.38208333333324,-4.711469444444445,5.93,G5II/III,0.99,,,,oui
HD 217580,345.4645833333333,-3.848719444444445,7.46,K3V,0.96,,,,oui
HD 217600,345.38624999999996,32.613,7.64,M6,1.26,,,,oui
HD 217673,345.37791666666664,57.105450000000005,6.21,K1.5II,1.48,,,,oui
HD 21769,53.38416666666666,58.76525,6.41,A4III,0.14,,,,oui
HD 21770,53.109583333333326,46.05686111111111,5.32,F4III,0.41,,,,oui
HD 217782,345.651590666667,42.7577952222222,5.093,A3Vn,0.087,0.01,,A3,
HD 217891,345.969222875,3.82004616666667,4.486,B6Ve,-0.11,0.03,,B6,
HD 21790 ,52.6544092916667,-5.07514552777778,4.727,B9Vs,-0.085,-0.02,,B9,
HD 217906,345.94374999999997,28.082780555555555,2.42,M2.5II-III,1.67,,,,oui
HD 218043,346.15166666666664,31.307469444444447,6.76,F4II,0.39,,,,oui
HD 218045,346.1904583333333,15.205280555555555,2.48,B9III,-0.04,,,,oui
HD 21819 ,53.4127495416667,54.9748593333333,5.981,A3V,0.107,0.03,,A3,
HD 218242,346.723439666667,-38.8922912222222,5.624,A1V,0.006,-0.01,,A1,
HD 218323,346.4862499999999,64.29516944444444,7.6,B5,0.51,,,,oui
HD 218329,346.75124999999997,9.4095,4.52,M1IIIab,1.56,,,,oui
HD 218376,346.6533333333333,59.41975,4.84,B0.5III,-0.07,,,,oui
HD 218396,346.869646125,21.1342514722222,5.953,A5V,0.254,0.1,,A5,
HD 218454,346.9491666666666,30.439611111111113,7.18,K4II,1.48,,,,oui
HD 21856 ,53.1667325416667,35.4617288333333,5.899,B1V,-0.083,0.18,,B1,
HD 218594,347.3616666666666,-21.172419444444447,3.64,K1.5III,1.23,,,,oui
HD 218640,347.47875,-22.45761111111111,4.8,G2III+A2V,0.7,,,,oui
HD 218640,347.494416666667,-22.4576111111111,4.726,A3IV:,,0.02,s0861,A3,
HD 218700,347.50624999999997,9.822080555555555,5.39,B9III,-0.08,,,,oui
HD 218723,347.3183749999999,65.21141944444445,6.67,B5,-0.06,,,,oui
HD 218753,347.43375,59.3327,5.68,A4II,0.3,,,,oui
HD 21882 ,52.4797810416667,-42.6342564166667,5.768,A5V,0.187,0.04,,A5,
HD 218915,347.77874999999995,53.05821944444444,7.2,O9.2Iab,0.02,,,,oui
HD 218918,347.934125875,8.72011019444444,5.157,A5Vn,0.121,-0.03,,A5,
HD 219080,348.13749999999993,49.406188888888884,4.52,F1V,0.29,,,,oui
HD 219081,348.27083333333326,8.963438888888888,6.73,M4,1.59,,,,oui
HD 21912 ,53.395973,39.8994793333333,5.796,A3V,0.13,0.05,,A3,
HD 219134,348.32087499999994,57.16836111111111,5.57,K3V,0.99,,,,oui
HD 219188,348.5020833333333,4.997111111111111,7.06,K0III,-0.16,,,,oui
HD 219215,348.5808333333333,-6.0489999999999995,4.22,M1.5III,1.55,,,,oui
HD 21933,53.149583333333325,9.37343888888889,5.76,B9III,-0.07,,,,oui
HD 219402,348.892738791667,-3.49637722222222,5.55,A3V,0.06,-0.02,,A3,
HD 219485,348.654609,74.2312706388889,5.89,A0V,-0.02,-0.01,,A0,
HD 219688,349.4758905,-9.18251875,4.4,B7/8V,-0.14,0.0,,B5,oui
HD 219734,349.43583333333333,49.0153,4.86,M2.5IIIBa0.5,1.67,,,,oui
HD 21981 ,52.6539737916667,-47.3751258888889,5.98,A1V,0.113,0.09,,A1,
HD 219832,349.740319083333,-9.6107515,5.001,A0V,-0.018,-0.01,,A0,
HD 219877,349.84666666666664,-5.121669444444444,5.6,F4VFe-0.4,90.0,,,,oui
HD 220061,350.159341166667,23.7403360555556,4.58,A5Vp_lB,0.17,0.01,,A5,oui
HD 220078,350.1883333333333,15.048030555555556,7.64,A5II,0.15,,,,oui
HD 220091,350.2399999999999,17.25261111111111,6.67,F0IV,0.31,,,,oui
HD 220096,350.3145833333333,-26.986769444444445,5.66,G5IV,0.81,,,,oui
HD 220102,350.0866666666666,60.27475,6.63,F2II,0.57,,,,oui
HD 220180,350.2808333333333,62.011919444444445,7.95,G7II,1.12,,,,oui
HD 220222,350.47879166666667,31.812469444444446,5.35,B6III,-0.11,,,,oui
HD 220278,350.663213041667,-15.0393401388889,5.22,A3V,0.21,0.13,,A3,
HD 220321,350.74249999999995,-20.100580555555556,3.98,K1III,1.1,,,,oui
HD 220524,351.03708333333327,41.612861111111116,6.41,M0,1.66,,,,oui
HD 220652,351.2095833333333,62.28281111111111,4.96,M1III,1.64,,,,oui
HD 220657,351.34499999999997,23.40411111111111,4.4,F8III,0.61,,,,oui
HD 220704,351.5116666666666,-20.642030555555554,4.39,K4.5III,1.47,,,,oui
HD 220819,351.5870833333333,61.08686111111111,6.6,A5II-,0.32,,,,oui
HD 220825,351.74275,1.25561111111111,4.927,A0p...,,0.01,s0877,A0,
HD 22091 ,53.610946,24.4643970555556,5.986,"A3V+,,,",0.112,0.03,,A3,
HD 220933,351.992666666667,25.1673055555556,5.986,A0mnp...,,0.04,s0878,A0,
HD 220954,351.9920833333333,6.379,4.3,K0.5III,1.08,,,,oui
HD 220974,351.8191666666666,70.35978055555555,5.6,A6IV,0.16,,,,oui
HD 221115,352.28875,12.76056111111111,4.56,G8IIIa,0.94,,,,oui
HD 22135,54.10916666666667,52.931419444444444,7.24,K5III,1.84,,,,oui
HD 221427,353.05291666666665,-11.544561111111111,6.65,K5/M1,1.61,,,,oui
HD 221525,351.75374999999997,87.30749999999999,5.56,A7IV,0.23,,,,oui
HD 221565,353.3192625,-20.9145043055556,4.709,A0V,0.019,0.03,,A0,
HD 221615,353.3670833333333,22.498780555555555,5.42,M5III,1.48,,,,oui
HD 221627,353.395,17.818830555555554,6.8,G1IV,90.0,,,,oui
HD 221639,353.33624999999995,60.41095,7.19,K1V,0.92,,,,oui
HD 221661,353.4291666666667,45.05811111111111,6.25,G8II,1.01,,,,oui
HD 221671,353.4004166666667,60.050688888888885,7.61,A0II,0.08,,,,oui
HD 221756,353.65625,40.23643888888889,5.56,A1Va,0.09,,,,oui
HD 221756,353.743208333333,40.2363888888889,5.564,A1III,,0.02,s0885,A1,
HD 221760,353.769017375,-42.61507525,4.711,"A2Vp,,,",0.085,0.04,,A2,
HD 221839,353.91687499999995,-27.49048888888889,6.7,F7V+G3V,0.51,,,,oui
HD 22192 ,54.1224159166667,48.1926330277778,4.31,B5Ve,-0.055,0.11,,B5,
HD 22203 ,53.446983875,-21.6328841666667,4.3,B9V,-0.14,-0.07,,B9,
HD 222095,354.46247575,-45.492352,4.736,A2V,0.085,0.04,,A2,
HD 222107,354.3908333333333,46.45813888888889,3.82,G8IVk,1.02,,,,oui
HD 222109,354.383511666667,44.4289923055556,5.817,B8V,-0.064,0.05,,B8,
HD 222133,354.486678541667,18.4006665555556,5.482,A1Vn,0.009,-0.01,,A1,
HD 222173,354.534172083333,43.2680735833333,4.29,B8V,-0.11,0.0,,B8,oui
HD 222275,354.7045833333333,62.134969444444444,6.61,A3II,0.52,,,,oui
HD 222304,354.784717041667,50.4717327222222,5.35,B9Ve,-0.11,-0.04,,B9,
HD 222345,354.94624999999996,-14.222169444444445,4.98,A7IV,0.24,,,,oui
HD 222368,354.98749999999995,5.626280555555556,4.12,F7V,0.5,,,,oui
HD 222386,354.792395416667,75.2928796666667,5.959,A3V,0.104,0.02,,A3,
HD 222404,354.8366666666666,77.63228055555555,3.3,K1III-IVCN1,90.0,,,,oui
HD 222439,355.102115125,44.3339323888889,4.137,A0V,-0.061,-0.05,,A0,
HD 222451,355.1691666666666,36.72078055555556,6.2,F1V,90.0,,,,oui
HD 22252 ,52.7154473333333,-66.4897147777778,5.806,B8V,-0.055,0.06,,B8,
HD 22253,54.43374999999999,56.73938888888889,6.53,B0.5III,0.23,,,,oui
HD 222568,355.2962916666666,68.35988888888889,7.71,B1IV,0.32,,,,oui
HD 222602,355.486208375,7.25054608333333,5.902,A3Vn,0.092,0.01,,A3,
HD 222603,355.511692166667,1.78004122222222,4.51,A7V,0.21,0.0,,A7,oui
HD 222661,355.680603041667,-14.5449034166667,4.48,B9V,-0.04,0.04,,B9,oui
HD 222762,355.77374999999995,53.152611111111106,6.63,B8,-0.03,,,,oui
HD 222847,356.050328875,-18.2769357777778,5.235,B9V,-0.076,-0.01,,B9,
HD 222950,356.34166666666664,-13.681999999999999,7.9,F0/2III,0.36,,,,oui
HD 223145,356.816649125,-50.2264605,5.161,B3V,-0.161,0.04,,B3,
HD 223274,356.978214916667,67.8068075555556,5.048,A1Vn,0.006,-0.01,,A1,
HD 223332,357.1458333333333,28.371030555555556,7.03,K5II,1.62,,,,oui
HD 223352,357.231444083333,-28.1302706944444,4.577,A0V,0.009,0.02,,A0,
HD 223385,357.244333333333,62.2145,5.55,A3Ia+...,,0.63,s0892,A3,
HD 223385A,357.20874999999995,62.21443888888889,5.59,A3Ia+,0.61,,,,oui
HD 223385B,357.20874999999995,62.214169444444444,7.9,O9.8II,0.4,,,,oui
HD 223524,357.56125,-9.97413888888889,5.94,K1III,1.13,,,,oui
HD 223586,357.6941666666666,-18.292419444444445,7.07,G8/K0,1.15,,,,oui
HD 223778,358.10541666666666,75.54458888888888,6.4,K3V,90.0,,,,oui
HD 223781,358.154605875,10.9473227777778,5.3,A4Vn,0.17,0.05,,A4,
HD 224062,358.6941666666666,0.10931111111111112,5.61,M5III,1.59,,,,oui
HD 224116,358.8125,58.089080555555554,7.38,K2IV,1.12,,,,oui
HD 224186,358.9779166666666,15.230280555555556,6.52,M3,1.48,,,,oui
HD 224342,359.265,42.65821944444444,6.02,F8III,0.69,,,,oui
HD 224392,359.396159125,-64.2982303611111,5.002,A1V,0.056,0.04,,A1,
HD 224427,359.4395833333333,25.141388888888887,4.66,M3III,1.59,,,,oui
HD 224533,359.6683333333333,-3.555969444444444,4.89,G8III,0.93,,,,oui
HD 224572,359.752242458333,55.7549286111111,5.0,B1V,90.0,0.15,,B1,oui
HD 224617,359.8279166666666,6.863330555555555,4.0,F4V,90.0,,,,oui
HD 224635,359.8720833333333,33.723888888888894,6.4,F8,0.51,,,,oui
HD 22468,54.1975,0.5879194444444444,5.9,K2:Vnk,90.0,,,,oui
HD 22489,54.938333333333325,56.38303055555556,6.51,A2,0.08,,,,oui
HD 224893,0.4041666666666666,61.22281111111111,5.57,A8II,0.4,,,,oui
HD 224935,0.4899999999999999,-6.014080555555555,4.41,M3III,1.63,,,,oui
HD 224990,0.583,-29.72041111111111,5.02,B3/5V,-0.14,,,,oui
HD 224995,0.6008333333333332,8.956830555555555,6.33,A6V,0.17,,,,oui
HD 225003,0.6237499999999999,8.485469444444444,5.69,F1V,0.31,,,,oui
HD 225180,1.0570833333333334,62.28766944444444,5.88,A1II-III,0.27,,,,oui
HD 225239,1.2241666666666664,34.6598,6.11,G3,0.63,,,,oui
HD 225292,1.255,27.674780555555557,6.46,G8II,0.96,,,,oui
HD 225806,296.86833333333334,34.30458888888889,7.86,K7,1.56,,,,oui
HD 22649,55.53875,63.21681111111111,5.11,S3.5/2,1.63,,,,oui
HD 22713,54.75458333333332,-5.626219444444445,5.96,K0IV,0.92,,,,oui
HD 22780 ,55.2827394583333,37.5801974166667,5.541,B7Vne,-0.062,0.07,,B7,
HD 22798,54.90958333333332,-3.393,6.22,K0III,1.04,,,,oui
HD 22799,54.85583333333333,-10.437280555555557,6.18,G8/K0III,1.03,,,,oui
HD 22819,54.99833333333333,-1.1212194444444445,6.12,K0III,0.99,,,,oui
HD 22951 ,55.5943564583333,33.9650248055556,4.97,B0.5V,-0.06,0.25,,"B0,5",oui
HD 23016 ,55.57894625,19.7002557222222,5.681,B9Vne,-0.017,0.05,,B9,
HD 2302,6.769166666666666,25.042061111111114,6.65,F7IV,0.48,,,,oui
HD 23067,55.3925,-14.299280555555555,7.29,G8/K0IV,1.05,,,,oui
HD 23139,56.17041666666666,46.0998,6.09,A7IV,0.27,,,,oui
HD 23180,56.07958333333333,32.28825,3.83,B1III,0.05,,,,oui
HD 23257,56.1875,27.921080555555555,6.9,G2IV,90.0,,,,oui
HD 23288,56.20083333333332,24.289469444444446,5.46,B7IV,-0.04,,,,oui
HD 23300 ,56.4969166666667,45.6818965833333,5.66,B6V,-0.09,0.06,,B6,oui
HD 23324 ,56.290583,24.8392602222222,5.651,B8V,-0.066,0.04,,B8,
HD 23338,56.30208333333333,24.467280555555554,4.3,B6IV,-0.11,,,,oui
HD 23356,55.980416666666656,-19.11088888888889,7.08,K2V,0.93,,,,oui
HD 23363 ,56.1271250833333,-1.16309547222222,5.25,B7IV,-0.1,0.03,,B7,oui
HD 23408,56.45666666666666,24.36775,3.87,B8III,-0.07,,,,oui
HD 23432 ,56.4769870416667,24.5545122777778,5.761,B8V,-0.034,0.08,,B8,
HD 2344,6.834583333333333,2.814111111111111,7.18,G8III,0.91,,,,oui
HD 23466 ,56.4185149166667,6.04999308333333,5.332,B3V,-0.098,0.1,,B3,
HD 23475,57.380416666666655,65.52596944444444,4.48,M2II,1.88,,,,oui
HD 235110,302.22749999999996,52.91361111111111,7.99,K7,1.6,,,,oui
HD 23523 ,57.40248925,63.2969645,5.832,A5Vn,0.174,0.02,,A5,
HD 2358,6.879583333333333,16.025469444444443,6.43,A5,0.24,,,,oui
HD 235954,341.6766666666666,53.63941944444444,7.78,K7,1.58,,,,oui
HD 23614,56.535416666666656,-12.101580555555556,4.42,M1III,1.62,,,,oui
HD 23626,56.95416666666666,32.195411111111106,6.25,G0,0.47,,,,oui
HD 23630,56.871249999999996,24.10513888888889,2.87,B7III,-0.09,,,,oui
HD 23675,57.36499999999999,52.655388888888886,6.82,B0.5III,0.3,,,,oui
HD 23728,57.28374999999999,43.96308055555556,5.97,A9IV,0.26,,,,oui
HD 23738 ,56.614284875,-29.3381561111111,5.917,A3V,0.111,0.03,,A3,
HD 23753 ,57.08673225,23.4212504444444,5.441,B8V,-0.063,0.05,,B8,
HD 23793 ,57.067781375,11.1432965833333,5.06,"B3V+,,,",-0.14,0.06,,B3,
HD 23800,57.60458333333333,52.48188888888889,6.98,B1IV,0.22,,,,oui
HD 23825,57.09124999999999,10.793061111111111,7.92,G3IV,0.77,,,,oui
HD 23848 ,57.3862063333333,33.0913778611111,5.144,A3V,0.054,-0.03,,A3,
HD 23850,57.29041666666665,24.053419444444444,3.63,B8III,-0.09,,,,oui
HD 23878 ,56.91521075,-23.8746764444444,5.243,A1V,0.07,0.05,,A1,
HD 23985 ,57.57892175,25.5793744166667,5.237,"A2V+,,,",0.21,0.16,,A2,
HD 24071 ,57.1474166666667,-37.6221111111111,5.42,A1V,0.0,-0.02,,A1,
HD 24072 ,57.1483333333333,-37.6216277777778,4.86,B9V,-0.01,0.06,,B9,
HD 24098,57.567499999999995,-1.5225805555555556,6.5,F5V,90.0,,,,oui
HD 24131 ,57.9738345833333,34.3591203888889,5.77,B1V,-0.04,0.22,,B1,oui
HD 2421  ,7.05689416666667,44.394453,5.183,A2Vs,0.035,-0.01,,A2,
HD 24263 ,58.0009575,6.53490511111111,5.691,B5V,0.03,0.19,,B5,
HD 24388 ,58.1735709166667,-5.36126263888889,5.476,B8V,-0.088,0.02,,B8,
HD 24395,58.94333333333333,56.91903055555555,6.92,F0Vnn,0.28,,,,oui
HD 24398,58.53124999999999,31.882219444444445,2.85,B1Ib,0.12,,,,oui
HD 24425,58.14499999999999,-15.741530555555554,7.69,G8/K0IV,1.06,,,,oui
HD 24431,58.91,52.641330555555555,6.74,O9III,0.37,,,,oui
HD 24432,58.85374999999999,49.040588888888884,6.86,B3II,0.48,,,,oui
HD 24446,58.285,-6.633749999999999,6.56,B7II/III,-0.11,,,,oui
HD 24479 ,59.3560158333333,63.0722622777778,4.946,B9V,-0.053,0.02,,B9,
HD 24504 ,58.9923932916667,47.8714217777778,5.38,B6V,-0.08,0.07,,B6,oui
HD 24534,58.84624999999999,31.045830555555558,6.72,O9.5III,0.12,,,,oui
HD 24546,59.15208333333333,50.695388888888886,5.3,F5V,90.0,,,,oui
HD 2455,7.05875,-29.040280555555558,6.73,K1II,1.13,,,,oui
HD 24587 ,58.42792925,-24.6122308055556,4.625,B5V,-0.119,0.04,,B5,
HD 24626 ,58.4122792916667,-34.7322971388889,5.089,B6V,-0.124,0.02,,B6,
HD 24640 ,59.1195455,35.0808985833333,5.49,B1.5V,-0.06,0.2,,"B1,5",oui
HD 24661,58.572083333333325,-27.668830555555555,6.99,A4IV,0.19,,,,oui
HD 24740,59.217083333333335,22.477969444444444,5.62,F2IVs,0.33,,,,oui
HD 24760 ,59.463466875,40.0102153333333,2.89,B1.5III,-0.18,0.13,,"B0,5",oui
HD 24769,59.265833333333326,23.17556111111111,6.04,B9.5IV,0.02,,,,oui
HD 24832,59.157916666666665,-9.750830555555556,6.18,A9V,0.26,,,,oui
HD 24912,59.741249999999994,35.79103055555555,4.06,O7.5III(n)((f)),0.02,,,,oui
HD 24916,59.369583333333324,-1.159438888888889,8.01,K4V,1.15,,,,oui
HD 25000,59.65541666666666,11.027550000000002,7.29,M1,1.68,,,,oui
HD 25025,59.5075,-13.508530555555556,2.94,M0III-IIIb,1.6,,,,oui
HD 25069,59.71833333333333,-5.469938888888889,5.83,K0/1III,1.01,,,,oui
HD 25204 ,60.1700655,12.4903405277778,3.41,B4IV,-0.12,0.1,,B3,oui
HD 25267 ,59.9811825416667,-24.0162166111111,4.62,"B6V+,,,",-0.107,0.03,,B6,
HD 25291,61.113333333333316,59.155499999999996,5.12,F0II,0.51,,,,oui
HD 25330 ,60.442234,9.99801202777778,5.676,B5V,0.003,0.16,,B5,
HD 25340 ,60.38354225,-1.54966197222222,5.28,B5V,-0.15,0.01,,B5,
HD 25371 ,60.1693977916667,-30.4906959722222,5.922,A2V,0.034,-0.02,,A2,
HD 25408,61.474166666666655,61.79445,7.6,C-J4,2.26,,,,oui
HD 25443,61.53374999999999,62.10183055555556,6.77,B0.5III,0.23,,,,oui
HD 25558 ,60.9358547916667,5.43562402777778,5.308,B3V,-0.079,0.12,,B3,
HD 25639,61.96416666666666,62.330111111111115,6.86,B0III,0.38,,,,oui
HD 25680,61.33458333333332,22.008919444444444,5.9,G5V,90.0,,,,oui
HD 25803,61.17041666666666,-20.38186111111111,6.11,K1II,1.17,,,,oui
HD 2589,7.729583333333332,77.01941944444444,6.2,K0IV,90.0,,,,oui
HD 25932,62.05458333333333,43.19113888888889,6.56,B8,-0.02,,,,oui
HD 25940 ,62.165384,47.7125119166667,4.003,B3Ve,-0.036,0.16,,B3,
HD 25945,61.40583333333332,-27.65181111111111,5.59,F0IV/V,0.31,,,,oui
HD 26171 ,62.2565435416667,13.3982812777778,5.942,"B9,5V",0.034,0.1,,"B9,5",
HD 2628,7.530833333333333,29.751561111111112,5.21,A7III,0.25,,,,oui
HD 26292,62.42916666666667,3.3226888888888886,6.48,F3IV,0.43,,,,oui
HD 26326,62.32416666666667,-16.38586111111111,5.43,B5IV,-0.15,,,,oui
HD 26356 ,67.0553035833333,83.8077907222222,5.5,B5V,-0.105,0.06,,B5,
HD 26462,62.83458333333333,5.523061111111111,5.7,F4V,0.36,,,,oui
HD 26553,63.757499999999986,57.46036111111111,6.08,A4III,0.6,,,,oui
HD 26574,62.966249999999995,-6.837580555555555,4.03,F0III,0.33,,,,oui
HD 26591 ,62.9008496666667,-20.3561575833333,5.794,"A1V+,,,",0.164,0.14,,A1,
HD 26612 ,62.710788625,-41.9935704722222,4.9,A9V,0.36,0.06,,A9,
HD 26630,63.72291666666666,48.41111111111111,4.16,G0Ib,0.96,,,,oui
HD 26670 ,64.223153375,61.8499916111111,5.676,B5Vn,-0.115,0.05,,B5,
HD 26702,63.71708333333333,37.54266944444444,6.31,G5,0.96,,,,oui
HD 26722,63.484999999999985,9.263830555555556,5.0,G5III+A7V:,90.0,,,,oui
HD 26764 ,64.1795295,53.6117982777778,5.2,A2Vn,0.049,0.0,,A2,
HD 26793 ,63.65096975,10.0114035833333,5.208,B9Vn,-0.084,-0.01,,B9,
HD 26816,63.85041666666666,24.078469444444444,7.9,S,1.83,,,,oui
HD 26906,64.31833333333331,46.230561111111115,7.98,B7,0.17,,,,oui
HD 26912,63.88375,8.89236111111111,4.28,B3IV,-0.07,,,,oui
HD 26923,63.86999999999999,6.186861111111111,6.3,G0IV,90.0,,,,oui
HD 2696  ,7.594394375,-23.7876805833333,5.19,A3V,0.12,0.04,,A3,
HD 26961,64.56083333333332,50.2955,4.59,A1III,0.04,,,,oui
HD 26965,63.817916666666655,-7.652861111111111,4.43,K0V,0.82,,,,oui
HD 27084 ,64.8051593333333,50.0486936111111,5.4,A7V,0.27,0.07,,A7,
HD 27192,65.04791666666665,50.920938888888884,5.54,B1.5IV,-0.04,,,,oui
HD 27236,64.60249999999999,9.487169444444444,6.54,A4III,0.17,,,,oui
HD 2729,7.8549999999999995,66.5196111111111,6.17,B6V,-0.1,,,,oui
HD 27295,64.85874999999999,21.14231111111111,5.48,B9Vsp,-0.07,,,,oui
HD 27322 ,65.4658602916667,56.5063164444444,5.92,A3V,0.11,0.03,,A3,
HD 27371,64.94833333333331,15.627638888888889,3.65,G9.5IIIabCN0.5,0.99,,,,oui
HD 27376 ,64.473593375,-33.7983491388889,3.546,B9V,-0.094,-0.02,,B9,
HD 27396,65.38833333333332,46.49888888888889,4.81,B4IV,-0.06,,,,oui
HD 27563,65.17833333333331,-7.592499999999999,5.84,B7II,-0.13,,,,oui
HD 27611,65.3625,-0.09816944444444443,5.85,K3III,1.34,,,,oui
HD 27616 ,65.162555125,-20.6396231666667,5.38,A0V,-0.02,-0.01,,A0,
HD 27638 ,65.6455955416667,25.6293160833333,5.376,B9V,-0.029,0.04,,B9,
HD 27697,65.73374999999999,17.542530555555558,3.76,G9.5IIICN0.5,0.98,,,,oui
HD 2772  ,7.94316395833333,54.5222849166667,4.732,B8Vn,-0.087,0.02,,B8,
HD 27760,65.93416666666666,22.96481111111111,7.0,M4,1.8,,,,oui
HD 27777 ,66.1214812083333,34.1307581388889,5.722,B8V,-0.054,0.06,,B8,
HD 27778,65.99416666666667,24.302780555555557,6.34,B,0.16,,,,oui
HD 27786,66.15625,33.95968888888889,5.79,F4IV-V,0.37,,,,oui
HD 27819,66.2453333333333,17.4441111111111,4.804,A7V,,0.05,s0151,A7,
HD 27819 ,66.023999375,17.4441273055556,4.8,A2Vs,0.15,-0.04,,A7,oui
HD 27820 ,65.9659397083333,9.46097052777778,5.113,A3V,0.082,0.0,,A3,
HD 27861 ,65.9202195833334,-3.74546586111111,5.171,A2V,0.077,0.03,,A2,
HD 27946 ,66.3542299166667,22.1999965555556,5.275,A7V,0.231,0.03,,A7,
HD 27962,66.3725,17.927919444444445,4.3,A2IV-Vs,0.07,,,,oui
HD 28024 ,66.576932,22.8135801388889,4.293,A8Vn,0.252,-0.02,,A8,
HD 28052,66.58624999999999,15.618280555555556,4.48,F0V,0.28,,,,oui
HD 28114,66.58791666666666,8.590280555555557,6.05,B6IV,-0.01,,,,oui
HD 28149 ,66.8226972083333,22.9963336666667,5.51,B7V,-0.1,0.04,,B7,oui
HD 28159,66.61291666666666,-0.5111888888888889,7.16,K5III,1.67,,,,oui
HD 28217,66.86999999999999,11.212311111111111,5.87,B8IV,0.03,,,,oui
HD 28305,67.15416666666665,19.18045,3.53,G9.5IIICN0.5,1.01,,,,oui
HD 28319,67.16541666666666,15.870888888888889,3.41,A7III,0.19,,,,oui
HD 2834  ,7.85408525,-48.8035149444444,4.77,A0V,0.02,0.03,,A0,
HD 28355 ,67.20901775,13.0476025833333,5.01,kA5hF0VmF0,0.21,0.01,,A7,oui
HD 28375 ,67.1338319583333,1.38082161111111,5.528,B3V,-0.101,0.1,,B3,
HD 28446,68.00749999999998,53.910830555555556,5.77,B0III+B0IV/V,0.1,,,,oui
HD 28446B,68.00375,53.9128,6.8,B1IV:,0.1,,,,oui
HD 28487,67.41208333333333,5.164280555555556,6.99,M3.5IIICa-0.5,1.75,,,,oui
HD 28527,67.63999999999999,16.194030555555557,4.76,A6IV,0.21,,,,oui
HD 286340,75.70041666666665,15.320169444444444,12.2,SC7/8,-0.25,,,,oui
HD 28780 ,69.1008265416667,64.2616022777778,5.91,A1V,-0.03,-0.05,,A1,
HD 2884  ,7.88611695833333,-62.95821875,4.335,B9V,-0.045,0.03,,B9,
HD 2885  ,7.88948583333333,-62.9655626111111,4.514,A2V,0.135,0.09,,A2,
HD 28910 ,68.462156375,14.8444231111111,4.65,A8V,0.25,-0.04,,A8,oui
HD 28978,68.744125,5.56861111111111,5.681,A2Vs,,0.12,s0155,A2,
HD 28978 ,68.534452875,5.56862555555556,5.681,A2Vs,0.057,0.01,,A2,
HD 29085,68.37749999999998,-29.7665,4.51,K0+IIIbFe-0.5,0.98,,,,oui
HD 2913  ,8.09908854166667,6.95546030555556,5.698,"B9,5V",-0.015,0.05,,"B9,5",
HD 29134,68.51083333333332,-28.449638888888888,6.83,F0/2III,0.42,,,,oui
HD 29139,68.97999999999999,16.50931111111111,0.86,K5+III,1.54,,,,oui
HD 29248,69.07958333333332,-3.3524694444444445,3.93,B2III,-0.19,,,,oui
HD 29316 ,69.9919584166667,53.4730323055556,5.4,A8V,90.0,0.04,,A8,oui
HD 29335 ,69.306975375,0.998313444444444,5.32,B8IV,-0.12,0.02,,B7,oui
HD 29365 ,69.565958375,20.6847226666667,5.857,B8V,-0.019,0.09,,B8,
HD 29388 ,69.539429,12.5108358055556,4.271,A6V,0.128,-0.04,,A6,
HD 29488 ,69.8187595833333,15.9179730277778,4.675,A5Vn,0.157,0.01,,A5,
HD 29503,69.54499999999999,-14.304030555555556,3.87,K2-IIIb,1.09,,,,oui
HD 29526 ,70.3505359166667,48.3008785833333,5.648,A0V,0.001,0.01,,A0,
HD 29573 ,69.7231443333333,-12.1231188055556,5.005,A0V,0.073,0.08,,A0,
HD 29589,70.01416666666667,12.197611111111112,5.45,B8IV,-0.13,,,,oui
HD 29646 ,70.3323384583333,28.6149954166667,5.726,A2V,0.016,-0.03,,A2,
HD 29678,72.21,75.94121944444444,5.95,A9IV,0.27,,,,oui
HD 29722 ,70.7263758333333,43.3651464444445,5.301,A1Vn,0.027,0.01,,A1,
HD 29737,70.02833333333332,-24.48236111111111,5.56,G6/8III,0.93,,,,oui
HD 29763 ,70.5612567083333,22.9569226111111,4.26,B3V,-0.12,0.09,,B3,oui
HD 3003  ,8.1829405,-63.0315011111111,5.07,A0V,0.044,0.05,,A0,
HD 30076 ,71.0221704166667,-8.50356736111111,5.775,B2Ve,-0.076,0.16,,B2,
HD 30127 ,71.03325925,-18.6665859722222,5.527,A1V,0.03,0.01,,A1,
HD 30144,72.02916666666665,55.60261111111111,6.32,F2V,0.3,,,,oui
HD 30211,71.37583333333332,-3.2546694444444446,4.0,B5IV,-0.13,,,,oui
HD 30311,71.69,9.017419444444446,7.23,F9.5V,0.57,,,,oui
HD 30495,71.90124999999999,-16.934438888888888,5.5,G2.5IV-V,0.64,,,,oui
HD 30614,73.5125,66.34266944444444,4.29,O9Ia,0.05,,,,oui
HD 30652,72.46,6.961280555555556,3.19,F6V,0.44,,,,oui
HD 3070,8.475833333333334,3.319861111111111,7.49,G6III,0.92,,,,oui
HD 30739 ,72.6530124166667,8.90018036111111,4.353,A1Vn,0.019,0.0,,A1,
HD 30823,73.19916666666667,42.58663888888889,5.67,A3III,0.11,,,,oui
HD 30869,72.95833333333333,13.655169444444445,6.25,F7V,0.5,,,,oui
HD 30912,73.19624999999999,27.897469444444443,5.96,F2IVn,0.37,,,,oui
HD 30958 ,73.7630184583333,55.2591086666667,5.52,B9.5V,0.01,0.08,,"B9,5",oui
HD 30959,73.13333333333333,14.250638888888888,4.72,M3SIII,1.74,,,,oui
HD 31093 ,72.8675685,-34.90628725,5.831,A1Vn,0.098,0.08,,A1,
HD 31134 ,74.02947125,52.8697593611111,5.74,A2Vs,0.09,0.04,,A2,
HD 31237,73.56291666666667,2.4406694444444446,3.73,B2III,-0.19,,,,oui
HD 31278 ,74.321650375,53.7521015,4.43,A1V,-0.02,-0.03,,A1,oui
HD 31283 ,73.6954049166667,11.4260093055556,5.186,A3V,0.114,0.03,,A3,
HD 31295,73.7429583333333,10.1508055555556,4.656,A0V,,0.1,s0166,A0,
HD 31295 ,73.723869875,10.150832,4.656,A0V,0.081,0.09,,A0,
HD 31331 ,73.7112894166667,0.467168388888889,5.975,B5V,-0.115,0.05,,B5,
HD 31362,74.065,24.592219444444442,6.32,F0,0.34,,,,oui
HD 31373 ,73.9589745416667,15.040279,5.785,B9V,-0.084,-0.01,,B9,
HD 31398,74.24833333333333,33.16608055555555,2.69,K3II-III,1.53,,,,oui
HD 31412,73.98291666666667,4.670419444444445,7.0,F9.5V,90.0,,,,oui
HD 31423,74.0375,7.904688888888889,6.42,F5,0.38,,,,oui
HD 31512 ,74.100775375,-5.17135305555556,5.48,B5III,-0.13,0.02,,B6,oui
HD 31592 ,74.5391416666667,25.0504059444444,5.789,A0V,0.016,0.03,,A0,
HD 31623,74.32166666666666,-1.06725,6.24,F3/5III,0.41,,,,oui
HD 31647 ,74.81420725,37.8902448888889,4.989,A1V,0.019,0.0,,A1,
HD 31767,74.63708333333332,1.7140305555555555,4.46,K2-IIb,1.39,,,,oui
HD 319   ,1.94541479166667,-22.5085603611111,5.942,A1V,0.126,0.11,,A1,
HD 31964,75.49208333333331,43.82331111111112,2.99,A9Ia,0.54,,,,oui
HD 32008,74.96041666666666,-10.263330555555555,5.39,G4IV-V+DA,0.79,,,,oui
HD 32040,75.13708333333332,3.616111111111111,6.63,B9V,-0.08,,,,oui
HD 32045,74.98208333333332,-12.537419444444444,4.77,F0V,0.27,,,,oui
HD 32068,75.61958333333332,41.07583055555556,3.75,K5II+B7V,1.22,,,,oui
HD 32115,75.16583333333332,-2.0660305555555554,6.32,A9V,0.28,,,,oui
HD 32147,75.20416666666667,-5.753669444444444,6.21,K3+V,1.06,,,,oui
HD 32249 ,75.3597749583333,-7.17396283333333,4.81,B3IV,-0.19,0.01,,B3,oui
HD 32263,75.46,0.7221111111111111,5.91,K2III,1.28,,,,oui
HD 32296,76.0675,45.77936111111111,6.51,A2,0.22,,,,oui
HD 32301 ,75.773946875,21.5899618611111,4.62,A7V,0.18,-0.05,,A7,oui
HD 32309 ,75.3565855,-20.05192075,4.88,B9V,-0.05,0.03,,B9,oui
HD 32343 ,76.5352149166667,58.9723718888889,5.03,"B2,5Ve",-0.03,0.21,,"B2,5",
HD 32356,76.62374999999999,61.16975,5.99,K5II,1.38,,,,oui
HD 3240,9.034583333333332,54.16845,5.08,B7III,-0.11,,,,oui
HD 32503,75.68749999999999,-22.795061111111114,5.74,K1IV,1.2,,,,oui
HD 32630 ,76.628722375,41.23447575,3.18,B3V,-0.18,0.05,,B3,oui
HD 32641,76.40708333333332,23.061061111111112,6.8,B5,0.12,,,,oui
HD 32656,76.4725,26.42995,6.61,B2/3IV,0.08,,,,oui
HD 3266,9.006249999999998,29.99943888888889,8.3,G4V,90.0,,,,oui
HD 32667,75.97208333333332,-24.38813888888889,5.58,A2IV,0.1,,,,oui
HD 3283,9.11375,60.32621944444445,5.79,A3III,0.26,,,,oui
HD 32887,76.36541666666666,-22.371030555555556,3.18,K4III,1.46,,,,oui
HD 32923,76.87499999999999,18.65,4.9,G4V,90.0,,,,oui
HD 32964 ,76.6902214166667,-4.65516497222222,5.097,"B9V+,,,",-0.047,0.02,,B9,
HD 32977 ,76.9516664583333,20.4183790555556,5.28,A5V,0.1,-0.05,,A5,
HD 32990 ,77.0275954583333,24.2651753888889,5.5,B2V,0.06,0.27,,B2,oui
HD 32991 ,76.9809852083333,21.7048236388889,5.92,B2Ve,0.16,0.4,,B2,
HD 33021,76.90958333333332,9.471780555555556,6.2,G3,90.0,,,,oui
HD 33093,76.85416666666666,-12.491280555555555,5.96,G0IV,0.6,,,,oui
HD 33111,76.96249999999999,-5.086438888888889,2.79,A3IV,0.13,,,,oui
HD 33203,77.57833333333332,37.30186111111111,6.9,K:+B2II,90.0,,,,oui
HD 33203A,77.57875,37.302169444444445,6.96,K:,2.28,,,,oui
HD 33224 ,77.0841262083333,-8.66532419444444,5.78,B8V,-0.06,0.05,,B8,
HD 33256,77.18208333333332,-4.456188888888889,5.12,F5.5VkF4mF2,0.43,,,,oui
HD 33266,78.26166666666666,61.850030555555556,6.17,A2III,0.02,,,,oui
HD 33276,77.425,15.597219444444445,4.82,F2IV,0.32,,,,oui
HD 33336,77.54333333333334,13.548361111111111,6.68,F4III,0.38,,,,oui
HD 33503,78.03999999999999,32.89513888888889,7.62,F8III,0.45,,,,oui
HD 33541 ,79.5551485416667,73.2680682777778,5.83,A0V,-0.04,-0.03,,A0,
HD 33564,80.63958333333332,79.23113888888889,5.1,F7V,90.0,,,,oui
HD 3360,9.242916666666664,53.89691944444444,3.66,B2IV,-0.19,,,,oui
HD 33601,78.45625,46.9767,7.58,B9II,0.09,,,,oui
HD 33646,77.93916666666667,1.0370305555555557,5.89,A2/3V+KIII,0.66,,,,oui
HD 3366,9.440416666666666,72.89486111111111,6.97,B3,-0.04,,,,oui
HD 33664,77.84541666666667,-11.849080555555556,5.68,M6III,1.46,,,,oui
HD 3369  ,9.22020525,33.719344,4.36,B5V,-0.16,0.05,,B5,oui
HD 3379,9.197083333333332,15.231719444444444,5.86,B2.5IV,-0.15,,,,oui
HD 33802 ,78.07459125,-11.8692184166667,4.45,B7.5Vn,-0.1,0.02,,B8,oui
HD 33856,78.32291666666666,2.8612805555555556,4.44,K1III,1.19,,,,oui
HD 33904,78.23291666666665,-16.205469444444443,3.29,B9IV:HgMn,-0.11,,,,oui
HD 33946,78.44708333333332,0.5604194444444445,6.32,K4III,1.44,,,,oui
HD 33949 ,78.307823375,-12.9412906388889,4.5,B7V,90.0,0.04,,B7,oui
HD 33959A,78.85,32.6875,5.0,A9V,0.22,,,,oui
HD 33988,79.11291666666666,46.41605,6.95,B2Ve,0.11,,,,oui
HD 34029,79.17249999999999,45.99806111111111,0.08,G3III:,0.8,,,,oui
HD 34055,78.65416666666665,-0.5628305555555556,6.84,M4III,1.44,,,,oui
HD 34078 ,79.075625,34.3123181944444,5.96,O9.5V,0.22,0.22,,"O9,5",oui
HD 34101,78.58374999999998,-15.826638888888889,7.45,G7V,0.73,,,,oui
HD 34203 ,79.0172256666667,11.3413538055556,5.524,A0V,-0.012,0.0,,A0,
HD 34269,79.56541666666665,42.79211111111111,5.65,M4III,1.49,,,,oui
HD 34295,78.79458333333334,-28.335280555555553,7.13,A3/5II,0.27,,,,oui
HD 34310 ,78.8515500833333,-26.943509,5.04,B9V,-0.07,0.0,,B9,oui
HD 34318,79.04416666666665,-11.352561111111111,6.46,A2/3V+G8III+K1III,0.65,,,,oui
HD 3443,9.33625,-24.767280555555555,5.57,K1V+G,0.71,,,,oui
HD 3443A,9.33625,-24.76731111111111,6.6,G7V,0.88,,,,oui
HD 3443B,9.33625,-24.76731111111111,6.2,G7V,0.77,,,,oui
HD 34450,81.24749999999999,73.7071888888889,6.47,M0.5IIIbBa0.5,1.71,,,,oui
HD 34503,79.40166666666666,-6.844419444444444,3.59,B5III,-0.12,,,,oui
HD 34513,79.34291666666665,-17.77481111111111,6.75,F0II,0.27,,,,oui
HD 34538,79.41749999999999,-13.519830555555556,5.49,G8IV,0.95,,,,oui
HD 34557 ,80.061121,41.0862089444444,5.468,A3V,0.115,0.04,,A3,
HD 34578,80.00375,33.958061111111114,5.03,A5II+,0.27,,,,oui
HD 34579,79.82499999999999,20.133330555555556,6.11,K0III,1.03,,,,oui
HD 34656,80.17958333333331,37.43866944444444,6.76,O7.5II(f),0.01,,,,oui
HD 34673B,79.80249999999998,-3.0738111111111115,11.4,K7V,90.0,,,,oui
HD 34720,80.01499999999999,13.545,7.49,G2III,0.55,,,,oui
HD 34759 ,80.4517354166667,41.8045726388889,5.2,B3V,-0.127,0.07,,B3,
HD 34787 ,80.8660157916667,57.5443979444444,5.25,A0Vne,-0.02,-0.01,,A0,
HD 34790 ,80.3028669166667,29.5698868333333,5.67,A1Vs,0.04,0.02,,A1,
HD 34797,79.82374999999999,-18.51443888888889,6.54,B7Vp,-0.11,,,,oui
HD 34816,79.89374999999998,-13.176780555555554,4.29,B0.5V,-0.25,,,,oui
HD 34868 ,79.848687875,-27.3688837222222,5.973,A0V,-0.023,-0.01,,A0,
HD 34904 ,80.709643875,41.0292596944444,5.545,A3V,0.119,0.04,,A3,
HD 34968 ,80.1121622083333,-21.2397643333333,4.729,A0V,-0.045,-0.03,,A0,
HD 34989 ,80.4315032083333,8.42855791666667,5.8,B1V,-0.13,0.14,,B1,oui
HD 35007 ,80.3826843333333,-0.416492305555556,5.654,B3V,-0.119,0.08,,B3,
HD 35104,80.46249999999999,-13.755688888888889,6.62,B8II,-0.08,,,,oui
HD 35149,80.70833333333333,3.5444388888888887,5.0,B2IV/V,-0.14,,,,oui
HD 35296,81.10624999999999,17.383530555555556,5.0,F8V,90.0,,,,oui
HD 35299 ,80.9262909166667,-0.159819638888889,5.7,B2III,-0.21,0.05,,"B1,5",oui
HD 35337,80.87583333333333,-13.92736111111111,5.23,B2IV,-0.2,,,,oui
HD 35411 ,81.1192363333334,-2.39714752777778,3.35,B1V+B2:,-0.17,0.13,,"B0,5",oui
HD 35439 ,81.1867776666667,1.84644552777778,4.873,B1Vpe,-0.172,0.09,,B1,
HD 35468,81.28291666666665,6.349688888888888,1.64,B2V,-0.22,,,,oui
HD 35497,81.57291666666667,28.60743888888889,1.65,B7III,-0.13,,,,oui
HD 35505 ,81.1187069583333,-16.9757795277778,5.644,A0V,-0.002,0.01,,A0,
HD 35588,81.44583333333333,0.5202500000000001,6.14,B2V,-0.17,,,,oui
HD 35671 ,81.7920563333333,17.9622176944444,5.398,B5V,-0.089,0.07,,B5,
HD 35681,82.00375,33.763688888888886,6.4,F7V,90.0,,,,oui
HD 35693,81.80791666666666,15.25763888888889,6.18,A1IV,0.07,,,,oui
HD 35708,81.90874999999998,21.936969444444443,4.87,B2.5V,-0.15,,,,oui
HD 35715,81.70916666666666,3.095669444444445,4.61,B2IV,-0.21,,,,oui
HD 35770 ,81.9400368333333,15.8740503888889,5.512,"B9,5Vn",0.013,0.08,,"B9,5",
HD 35921,82.42791666666666,35.375030555555554,6.85,O9II,0.11,,,,oui
HD 35943 ,82.3187503333334,25.1502161388889,5.48,B9Vn,-0.04,0.03,,B9,
HD 35984,82.41958333333332,29.186469444444445,6.19,F6III,0.46,,,,oui
HD 36003,82.10874999999999,-3.4995611111111113,7.64,K5V,1.13,,,,oui
HD 36079,82.06124999999999,-20.759438888888887,2.84,G5II-IIIa:,0.82,,,,oui
HD 36150,82.42333333333333,-0.8025,6.49,A5III/IV,0.25,,,,oui
HD 36162 ,82.6090182916667,15.3604469166667,5.94,A3Vn,0.097,0.02,,A3,
HD 36166 ,82.4782246666667,1.78925775,5.742,B2V,-0.181,0.06,,B2,
HD 36167,82.43333333333332,-1.09225,4.71,K4III,1.57,,,,oui
HD 36187 ,82.0638972083333,-37.2307634722222,5.562,A1V,0.024,0.0,,A1,
HD 36212,82.93958333333332,34.88193888888889,7.81,B3II,0.17,,,,oui
HD 36263,82.71583333333332,10.254388888888888,7.5,B9V,-0.07,,,,oui
HD 36267 ,82.6960454583333,5.94813680555556,4.2,B5IV+B7V,-0.13,0.03,,B5,oui
HD 3627,9.832083333333332,30.86103055555556,3.28,K3III-IIIbCN0.5,1.28,,,,oui
HD 36337,82.89874999999998,14.928888888888888,6.68,B5,-0.05,,,,oui
HD 36351 ,82.8105492916667,3.29213136111111,5.46,B3II/III,-0.17,0.09,,"B1,5",oui
HD 36395,82.86416666666666,-3.6772194444444444,7.97,M1.5Ve,1.47,,,,oui
HD 36408B,83.06083333333332,17.056061111111113,6.49,B7-8IV-V,0.04,,,,oui
HD 36473 ,82.7817837083333,-20.8636567777778,5.533,A0V,0.01,0.02,,A0,
HD 3651,9.840833333333332,21.250469444444445,5.88,K0.5V,0.83,,,,oui
HD 36512 ,82.9827507916667,-7.30153808333333,4.63,O9.7V,-0.27,0.04,,B0,oui
HD 36591,83.17249999999999,-1.5918305555555556,5.34,B2II/III,-0.19,,,,oui
HD 36653 ,83.4761860416667,14.3055789722222,5.588,B3V,-0.116,0.08,,B3,
HD 36695 ,83.3810267916667,-1.15607405555556,5.34,B1V+B4.5V,-0.18,0.04,,B1,oui
HD 36777 ,83.569886125,3.76689411111111,5.332,A2V,0.056,0.01,,A2,
HD 36779,83.51625,-1.0357194444444446,6.22,B2/3IV/V,-0.17,,,,oui
HD 36819,83.86291666666665,24.039580555555556,5.38,B2.5IV,-0.09,,,,oui
HD 36822,83.70499999999998,9.489580555555555,4.41,B0III,-0.15,,,,oui
HD 36827,83.56208333333332,-2.8816694444444444,6.67,B2/3V,-0.15,,,,oui
HD 36840,83.62208333333331,-0.012330555555555556,6.25,G8II/III,0.99,,,,oui
HD 36862 ,83.785,9.935,5.6,B0.5V,90.0,0.34,,"B0,5",oui
HD 36879,83.91874999999999,21.40325,7.58,O7V(n)((f))z,0.11,,,,oui
HD 36914,83.81958333333331,8.70075,7.31,M5,1.39,,,,oui
HD 36931,84.10899999999998,30.590630555555553,7.92,F8II,1.0,,,,oui
HD 36959 ,83.7541935416667,-6.009273,5.67,B1Vv,-0.23,0.03,,B1,
HD 36960 ,83.76116975,-6.00202877777778,4.72,B1/2Ib/II,-0.22,0.05,,"B0,5",oui
HD 37017,83.84124999999999,-4.494169444444444,6.56,B2/3V,-0.13,,,,oui
HD 37018 ,83.8465177916667,-4.83835780555556,4.59,B1V,-0.19,0.07,,B1,oui
HD 37020,83.81583333333333,-5.387311111111112,6.73,B0V,0.02,,,,oui
HD 37021,83.81708333333333,-5.385361111111112,7.96,B1V,0.24,,,,oui
HD 37040,83.87958333333331,-4.364061111111111,6.38,B2V,-0.14,,,,oui
HD 37041 ,83.8454214583333,-5.41606130555556,6.39,O9.5IVp,-0.09,-0.06,,"O9,5",oui
HD 37043,83.85833333333332,-5.909888888888889,2.77,O9IIIvar,-0.24,,,,oui
HD 37077,83.91458333333333,-4.856061111111111,5.23,A9IV/V,0.25,,,,oui
HD 371,2.137083333333333,63.20403055555556,6.42,G3II,1.0,,,,oui
HD 37209 ,84.1487221666667,-6.06475238888889,5.72,B3IV,-0.22,0.04,,B1,oui
HD 37269 ,84.6586879166667,30.4924181666667,5.403,"B9,5V+,,,",0.412,0.48,,"B9,5",
HD 37321,84.395,-1.4221305555555557,7.09,B5III,-0.08,,,,oui
HD 37366,84.85333333333332,30.890780555555555,7.64,O9.5IV,0.07,,,,oui
HD 37468 ,84.6865805833333,-2.60003294444444,3.79,O9.5V,-0.21,-0.2,,"O9,5",oui
HD 37481,84.65833333333332,-6.573969444444444,5.96,B2IV/V,-0.23,,,,oui
HD 37495,84.43583333333333,-28.689688888888888,5.31,F5V,0.46,,,,oui
HD 37507 ,84.721179,-7.21282883333333,4.8,A4Vn,0.13,0.01,,A4,oui
HD 37594 ,84.8797937083333,-3.564704,5.987,A8Vs,0.262,-0.01,,A8,
HD 37646,85.33749999999999,29.487419444444445,6.39,B8IV,-0.1,,,,oui
HD 37717 ,84.6813567083333,-40.70731175,5.804,B8V,-0.077,0.03,,B8,
HD 37724,85.5375,32.039969444444445,11.65,M6.5-9:e,0.35,,,,oui
HD 37742,85.18958333333332,-1.9425805555555555,1.9,O9.2IbvarNwk,-0.11,,,,oui
HD 37744,85.15541666666665,-2.8252499999999996,6.22,B2IV,-0.2,,,,oui
HD 37807,85.28375,-3.6325611111111114,7.87,B3/5IV,-0.08,,,,oui
HD 38091 ,86.6266244583333,56.1155752222222,5.931,A4Vn,0.149,0.03,,A4,
HD 38104 ,86.4751794166667,49.8262804722222,5.461,"A2Vp,,,",0.042,-0.01,,A2,
HD 38170 ,85.5633102083333,-34.66781325,5.285,"B9,5V",-0.032,0.04,,"B9,5",
HD 38206 ,85.8402940416667,-18.5574770833333,5.73,A0V,-0.011,0.0,,A0,
HD 38232,86.3825,29.29853055555556,7.45,F5II,0.59,,,,oui
HD 38263,86.25541666666666,12.888330555555555,6.46,A3,0.22,,,,oui
HD 38382,86.11833333333333,-20.126580555555556,6.34,F8.5V,0.56,,,,oui
HD 38392,86.11041666666665,-22.42188888888889,6.15,K3,0.94,,,,oui
HD 38393,86.11583333333333,-22.448419444444443,3.6,F6V,0.47,,,,oui
HD 38529,86.64541666666666,1.168188888888889,6.0,G8III/IV,90.0,,,,oui
HD 38545,86.9945416666667,14.4883055555556,5.725,A3Vn,,0.05,s0193,A3,
HD 38545 ,86.8048067916667,14.4883242777778,5.725,A3Vn,0.073,-0.01,,A3,
HD 38558,86.85916666666665,17.729138888888887,5.46,F0III,0.3,,,,oui
HD 38666 ,86.4995623333333,-32.3064341666667,5.148,"O9,5V",-0.259,-0.22,,"O9,5",
HD 38672,87.00874999999998,12.418419444444444,6.67,B5,-0.09,,,,oui
HD 38678,86.73874999999998,-14.821938888888889,3.52,A2IV-V(n),0.11,,,,oui
HD 38710 ,87.000965,6.45415133333333,5.3,A5V,0.21,0.06,,A5,
HD 38858,87.14541666666665,-4.0946388888888885,5.97,G2V,0.64,,,,oui
HD 38899,87.38708333333332,12.651330555555555,4.88,B9IV,-0.06,,,,oui
HD 38944,87.75999999999998,37.30558055555555,4.74,M0III,1.62,,,,oui
HD 3901  ,10.5162309166667,50.5125254166667,4.81,B2V,-0.1,0.12,,B2,oui
HD 39014 ,86.193242125,-65.7355280833333,4.35,A7V,0.21,0.01,,A7,
HD 39060 ,86.8211987083333,-51.0665114444444,3.861,A6V,0.168,0.0,,A6,
HD 39190 ,87.472917125,-22.9718736111111,5.866,A1V,0.051,0.03,,A1,
HD 39220 ,88.74094875,59.8883674722222,5.2,A2V,0.0,-0.05,,A2,
HD 3924,10.629166666666665,58.75341944444445,6.17,B9.5III,-0.01,,,,oui
HD 39283 ,88.71158675,55.7069467777778,4.968,A2V,0.051,0.0,,A2,
HD 39357 ,88.3318585833333,27.6122605,4.55,A0V,-0.01,0.0,,A0,oui
HD 39364,87.83041666666665,-20.879080555555557,3.85,K0IIIbFe-1.5CH0.5,0.98,,,,oui
HD 39421 ,88.032204,-9.04190066666667,5.964,A2Vn,0.083,0.03,,A2,
HD 39441,88.00625,-15.50613888888889,7.09,A2III,0.12,,,,oui
HD 39455,88.36208333333332,18.16993888888889,7.6,F5II,0.44,,,,oui
HD 3950,10.658333333333331,52.33716944444445,6.95,B1III,0.05,,,,oui
HD 39586,88.74583333333332,31.7015,5.9,A5IV,90.0,,,,oui
HD 39587,88.59583333333333,20.276169444444445,4.4,G0V,0.6,,,,oui
HD 39628,89.28208333333333,55.94728055555555,6.94,K2IIIb,1.21,,,,oui
HD 39632,88.55583333333334,10.586419444444445,6.12,G9II,1.42,,,,oui
HD 39680,88.68625,13.85475,7.99,O6V:[n]pevar,0.02,,,,oui
HD 39698 ,88.7361977916667,19.7496127222222,5.901,B2V,-0.143,0.1,,B2,
HD 39746,88.91791666666666,27.71563888888889,7.04,B1II,0.22,,,,oui
HD 39764 ,88.278670875,-33.8013633055556,4.863,B5V,-0.13,0.03,,B5,
HD 39777,88.64458333333333,-4.064719444444444,6.55,B2III/IV,-0.17,,,,oui
HD 39844 ,87.4730044583333,-66.9011885277778,5.091,B6V,-0.126,0.01,,B6,
HD 39864,89.22833333333332,35.578919444444445,7.69,M6,1.49,,,,oui
HD 39866,89.14083333333333,28.942280555555556,6.34,A2II,0.28,,,,oui
HD 39927,88.8975,-4.788580555555556,6.26,A0V,0.05,,,,oui
HD 39970,89.2424583333333,24.2496944444444,6.045,A0Ia,,0.38,s0200,A0,
HD 39985,89.11666666666666,9.50938888888889,5.96,B9Ib,-0.05,,,,oui
HD 400,2.170416666666666,36.62711111111111,6.2,F8IV,90.0,,,,oui
HD 40035,89.88166666666666,54.28466944444444,3.72,K0IIIb,1.01,,,,oui
HD 40111,89.49874999999999,25.953919444444445,4.82,B0/1II/III,-0.06,,,,oui
HD 40136,89.10125,-14.167688888888888,3.72,F2V,0.33,,,,oui
HD 40183,89.88208333333333,44.947449999999996,1.9,A1IV-Vp,0.03,,,,oui
HD 40239,89.98375,45.93671944444444,4.25,M3IIb,1.72,,,,oui
HD 40312,89.93041666666666,37.21258055555556,2.62,A0VpSi,-0.08,,,,oui
HD 40355,89.41499999999999,-15.40611111111111,7.18,B8IV,-0.1,,,,oui
HD 40446 ,89.7065507916667,0.552977777777778,5.213,A1Vs,0.019,0.0,,A1,
HD 40486,90.42958333333331,48.959450000000004,5.96,K0,1.45,,,,oui
HD 40571,90.07166666666666,12.611388888888888,6.78,B9,-0.03,,,,oui
HD 4058  ,10.8669602083333,47.0245470555556,4.95,A5V,0.17,0.01,,A5,oui
HD 40657,90.01374999999999,-3.07425,4.52,K1.5III-IIIbCN-1,1.22,,,,oui
HD 40762,90.00124999999998,-21.41436111111111,7.98,G8/K0IV,1.0,,,,oui
HD 40932A,90.5958333333333,9.64727777777778,4.13,A1Vm+F2V,0.16,0.18,,A1,oui
HD 40953 ,87.5699433333334,-79.3613632222222,5.451,B9V,-0.067,0.0,,B9,
HD 40967,90.46,-10.597938888888889,5.01,B5III/V,-0.13,,,,oui
HD 41040 ,90.8640254166667,19.6905616944444,5.13,B8V,-0.11,0.01,,B8,oui
HD 41116,91.02499999999999,23.266669444444442,4.15,G5III,0.87,,,,oui
HD 41117,90.9921083333333,20.1383888888889,4.646,B2Iave,,0.45,s0204,B2,
HD 41161,91.46874999999999,48.24928055555556,6.76,O8Vn,-0.11,,,,oui
HD 4128,10.897499999999999,-17.986611111111113,2.01,G9.5IIICH-1,1.01,,,,oui
HD 41335 ,91.056256,-6.70893819444444,5.251,B2Vne,-0.079,0.16,,B2,
HD 41380,91.24333333333331,4.1586694444444445,5.62,G6II,1.03,,,,oui
HD 4142  ,11.1091339583333,47.8639841666667,5.646,B5V,-0.112,0.05,,B5,
HD 41523,91.85749999999999,36.27463888888889,7.04,B9II,-0.02,,,,oui
HD 41534 ,91.0844384583333,-32.1724273055556,5.631,"B2,5V",-0.182,0.06,,"B2,5",
HD 4161,11.412916666666666,74.98808055555556,5.65,A2IV,0.06,,,,oui
HD 41692,91.66124999999998,-4.1938305555555555,5.36,B5II/III,-0.13,,,,oui
HD 41695 ,91.5388474583333,-14.9352552222222,4.669,A0V,0.045,0.06,,A0,
HD 41753 ,91.8930245,14.7684739166667,4.403,B3V,-0.153,0.05,,B3,
HD 41759 ,91.36324475,-35.5136470833333,5.797,A1V,0.025,0.01,,A1,
HD 41782,92.80666666666666,60.453500000000005,6.5,M0,1.66,,,,oui
HD 41794,91.74416666666666,-6.202719444444445,6.58,A2/3II,0.2,,,,oui
HD 41841 ,91.6337354583333,-23.1108423333333,5.462,A2V,0.068,0.02,,A2,
HD 41843 ,91.52308075,-29.7586220833333,5.789,A1V,0.038,0.02,,A1,
HD 42088,92.41499999999999,20.48763888888889,7.57,O6V((f))z,0.01,,,,oui
HD 42111 ,92.2412675416667,2.49969238888889,5.688,A3Vn,0.063,-0.02,,A3,
HD 42126J,92.902465375,48.710987,5.78,"A3V+,,,",0.1,0.02,,A3,
HD 4222  ,11.3215575,55.2213966666667,5.414,A2Vs,0.02,-0.03,,A2,
HD 42301 ,92.2411057916667,-22.4274105555556,5.482,A0V,-0.003,0.01,,A0,
HD 42303 ,91.970245625,-42.1540413611111,5.498,A0V,0.006,0.02,,A0,
HD 42351,92.7575,18.130469444444444,6.33,K1II,1.37,,,,oui
HD 42352,92.69749999999999,13.659469444444445,6.92,B1III,-0.01,,,,oui
HD 42379,92.82541666666665,21.5638,7.43,B1II,0.25,,,,oui
HD 42400,92.84666666666665,20.905419444444444,6.83,B5II,0.18,,,,oui
HD 42509 ,93.0055837083333,19.7905406388889,5.753,"B9,5V",-0.048,0.02,,"B9,5",
HD 42525 ,91.5390909166667,-66.0396218611111,5.697,A0V,-0.01,0.0,,A0,
HD 42545 ,93.0136647916667,16.1304059444444,4.947,B5Vn,-0.134,0.03,,B5,
HD 42560,92.98499999999999,14.208780555555554,4.48,B3IV,-0.17,,,,oui
HD 42690 ,92.9658940416667,-6.55028686111111,5.04,B2II,-0.19,0.05,,B2,oui
HD 42770,93.24749999999999,10.287419444444444,6.57,B9,-0.07,,,,oui
HD 42818 ,94.7115679166667,69.3197863888889,4.762,A0Vn,0.021,0.03,,A0,
HD 42995,93.71958333333333,22.5068,3.28,M2IIIa,1.61,,,,oui
HD 431,2.3341666666666665,79.71455,6.05,A7IV,0.19,,,,oui
HD 43107 ,92.1844249583333,-68.8434110277778,5.044,B8V,-0.058,0.05,,B8,
HD 43112 ,93.7853020833333,13.8511001944444,5.89,B1V,-0.22,0.04,,B1,oui
HD 43153 ,93.854701,16.14317275,5.33,B7V,-0.12,0.03,,B7,oui
HD 43157 ,93.6529290416667,-4.56845533333333,5.82,B5V,-0.153,0.01,,B5,
HD 43162,93.43875,-23.86193888888889,6.37,G6.5V,0.7,,,,oui
HD 432,2.2945833333333328,59.14978055555555,2.27,F2III,0.34,,,,oui
HD 4321,11.562916666666665,55.305388888888885,6.51,A2III,0.17,,,,oui
HD 43232,93.71374999999999,-6.274780555555555,3.96,K1III:,1.31,,,,oui
HD 43335,94.09912499999999,17.181611111111113,6.37,K5II,1.58,,,,oui
HD 43355,94.1325,19.013188888888887,7.24,F7IV,0.46,,,,oui
HD 43378,94.9941666666667,59.011,4.446,A2Vs,,0.01,s0217,A2,
HD 43378 ,94.9057690833333,59.0109634166667,4.446,A2Vs,0.03,-0.02,,A2,
HD 43445 ,93.9370237083334,-13.7184146666667,5.0,B9V,-0.09,0.0,,B9,oui
HD 43496,94.27616666666665,15.85056111111111,7.33,B8II,-0.08,,,,oui
HD 43525 ,94.2775850416667,9.94238880555556,5.399,A2V,0.1,0.05,,A2,
HD 43635,94.00749999999998,-27.509611111111113,7.93,M7III,1.32,,,,oui
HD 43745,94.26499999999999,-22.715219444444443,6.04,F8.5V,0.59,,,,oui
HD 43818,94.83041666666665,23.469419444444444,6.92,B0II,0.29,,,,oui
HD 43836,94.84374999999999,23.2745,6.97,B9II,0.4,,,,oui
HD 43905,95.44208333333331,53.45216944444445,5.33,F5V,0.44,,,,oui
HD 43940 ,94.2898673333333,-37.2534989166667,5.88,A2V,0.14,0.09,,A2,
HD 43993,94.71083333333331,-9.390030555555555,5.35,K1.5III,1.24,,,,oui
HD 44019,94.83774999999999,-0.9147388888888889,7.29,K1/2III,1.24,,,,oui
HD 44112 ,94.92832875,-7.82290916666667,5.25,B2V,-0.18,0.07,,"B2,5",oui
HD 44131,94.99833333333332,-2.9445,4.9,K5III,1.6,,,,oui
HD 44182,94.92166666666665,-17.526219444444443,7.24,B8II,-0.07,,,,oui
HD 44323 ,94.9206505,-34.3965913333333,5.75,B9V,-0.079,-0.01,,B9,
HD 44333,95.35749999999999,2.2685305555555555,6.28,A4/5IV,0.26,,,,oui
HD 4440,12.037916666666666,72.67446944444445,5.86,K0IV,1.02,,,,oui
HD 44402 ,95.0783001666667,-30.0633667222222,3.0,B2.5V,-0.17,0.07,,"B2,5",oui
HD 44458 ,95.3529797083333,-11.7732396388889,5.585,B1Vpe,-0.022,0.24,,B1,
HD 44478,95.73999999999998,22.513580555555556,2.87,M3IIIab,1.64,,,,oui
HD 44506 ,95.15099775,-34.1441438055556,5.525,"B1,5Ve",-0.179,0.08,,"B1,5",
HD 44682,95.59874999999998,-16.7305,7.92,F8III,0.92,,,,oui
HD 44691 ,96.60764875,56.2850958888889,5.54,A3Vm,0.22,0.14,,A3,
HD 44743,95.67499999999998,-17.955919444444444,1.97,B1II-III,-0.24,,,,oui
HD 44769,95.94208333333333,4.592861111111111,4.4,A8V(n),0.19,,,,oui
HD 4482,11.756249999999998,11.97386111111111,5.5,G8II,0.99,,,,oui
HD 44965,96.30466666666666,11.68373888888889,7.95,B3II,0.29,,,,oui
HD 44996,96.08583333333333,-12.96195,6.12,B2.5Ve,-0.08,,,,oui
HD 45314,96.81583333333333,14.889219444444445,6.64,O9:npe,0.15,,,,oui
HD 45320 ,96.664941625,-1.50733638888889,5.874,A3Vn,0.066,-0.01,,A3,
HD 45321,96.64349999999999,-4.5973999999999995,6.13,B5V,-0.14,,,,oui
HD 45418,96.75366666666666,-4.355661111111111,6.47,B4V,-0.13,,,,oui
HD 45437,96.61574999999999,-19.32498888888889,7.12,A5/7III,0.2,,,,oui
HD 45506,97.11708333333333,16.23838888888889,6.23,G5,0.9,,,,oui
HD 45546 ,96.989869375,-4.76215358333333,5.035,B2V,-0.171,0.07,,B2,
HD 45557 ,96.0576749583333,-60.2813249166667,5.78,A0V,-0.002,0.01,,A0,
HD 45572 ,96.4318878333333,-48.1768990833333,5.778,B9V,-0.063,0.01,,B9,
HD 45588,96.7975,-25.8565,6.07,F8IV,0.54,,,,oui
HD 45638,97.25070833333332,11.019211111111112,6.59,A9IV,0.28,,,,oui
HD 45724,97.31166666666667,2.6461888888888887,6.2,M1III,1.54,,,,oui
HD 45725 ,97.204457125,-7.03305836111111,4.6,B4Veshell,-0.1,0.06,,B3,oui
HD 45813 ,97.042531125,-32.5800681944445,4.462,B4V,-0.151,0.03,,B4,
HD 45871 ,97.1635105,-32.3712773611111,5.74,B4Vnpe,-0.17,0.01,,B4,
HD 45947,99.47874999999999,73.6956388888889,6.3,F2,90.0,,,,oui
HD 45976,97.54699999999998,-10.08151111111111,5.91,K1III,1.37,,,,oui
HD 46064,97.64541666666665,-13.148169444444443,6.16,B2III,-0.15,,,,oui
HD 46089 ,97.9512502083333,11.5444129444444,5.223,A3V,0.171,0.09,,A3,
HD 46122,97.94191666666666,6.785461111111111,7.27,G3IV,0.84,,,,oui
HD 46136B,98.07416666666666,17.77961111111111,6.95,F5IV,0.38,,,,oui
HD 4614,12.27625,57.81518888888888,3.44,F9V,0.58,,,,oui
HD 4614B,12.271666666666665,57.81771944444445,7.51,K7Ve,1.39,,,,oui
HD 46150,97.98124999999999,4.942861111111111,6.73,O5V((f))z,0.13,,,,oui
HD 46189 ,97.6928670833333,-27.7695754444444,5.9,B3IV/V,-0.16,0.09,,"B2,5",oui
HD 4622  ,12.0044361666667,-21.7224974722222,5.57,B9V,-0.06,0.01,,B9,
HD 46223,98.03874999999998,4.823530555555555,7.28,O4V((f)),0.22,,,,oui
HD 46241,98.07999999999998,4.856,5.83,K0III,0.99,,,,oui
HD 4628,12.095833333333333,5.280611111111111,5.74,K2.5V,0.9,,,,oui
HD 46328,97.96416666666666,-23.418419444444446,4.33,B0.7IV,-0.24,,,,oui
HD 4636,12.208333333333332,50.96816944444445,4.89,B9III,-0.1,,,,oui
HD 46487 ,98.4080084583333,-1.22015344444444,5.083,B5Vn,-0.13,0.03,,B5,
HD 46553 ,98.8002590833333,28.0223102222222,5.266,A0Vnn,-0.009,0.0,,A0,
HD 46573,98.59833333333333,2.5341388888888887,7.93,O7V((f))z,0.34,,,,oui
HD 46590 ,99.4099420416667,56.8575299166667,5.89,A2V,0.0,-0.05,,A2,
HD 4676,12.244583333333333,16.940638888888888,5.1,F8V,90.0,,,,oui
HD 46780A,99.10958333333332,27.278388888888887,7.07,F9V,0.58,,,,oui
HD 46860 ,97.9929592083333,-58.7538365833333,5.707,B9Ve,-0.06,0.01,,B9,
HD 46933,98.76416666666665,-22.96481111111111,4.5,A0III,-0.01,,,,oui
HD 46936 ,98.6472102916667,-32.7162540555556,5.61,B8V,-0.076,0.03,,B8,
HD 46966,99.10787499999998,6.0831888888888885,6.87,O8.5IV,-0.04,,,,oui
HD 47054 ,99.1472139583333,-5.21114186111111,5.57,B8Ve,-0.13,-0.02,,B8,
HD 47100,99.70499999999998,39.90256111111111,5.33,B8III,-0.08,,,,oui
HD 47129,99.35,6.1353888888888894,6.06,O8I+O7.5III,0.05,,,,oui
HD 47144 ,98.850909625,-36.7798785,5.77,A0V,-0.14,-0.13,,A0,
HD 47205,99.17083333333332,-19.25588888888889,3.91,K1.5III-IVFe1,1.1,,,,oui
HD 4727  ,12.4535307083333,41.0789101111111,4.524,"B5V+,,,",-0.134,0.03,,B5,
HD 47382,99.61933333333332,4.607188888888889,7.14,B6Ib,0.17,,,,oui
HD 47395,99.88791666666667,28.26313888888889,6.0,B7III,90.0,,,,oui
HD 47415,99.88125,24.600169444444447,6.38,F8IV,0.53,,,,oui
HD 47417,99.69970833333332,6.901880555555556,6.95,B0IV,-0.04,,,,oui
HD 47423,99.4675,-14.456469444444444,7.92,G8/K0IV,1.01,,,,oui
HD 47432,99.65912499999999,1.6135194444444445,6.31,O9.7Ib,0.13,,,,oui
HD 4747,12.361666666666665,-23.212469444444444,7.16,G8/K0V,0.77,,,,oui
HD 47561,99.64762499999998,-16.87355,6.03,A0IV,0.03,,,,oui
HD 4757,12.469999999999999,27.71081111111111,6.28,F4III,0.42,,,,oui
HD 47575 ,99.9488195,12.9827675,5.979,A2V,0.069,0.02,,A2,
HD 47703,100.4075,35.93191944444444,6.48,F8III,0.49,,,,oui
HD 4775  ,12.6817119166667,64.2475509722222,5.373,"B9,5V+,,,",0.475,0.55,,"B9,5",
HD 47839 ,100.244415125,9.89575636111111,4.64,O7V+B1.5/2V,-0.24,-0.2,,O7,oui
HD 48038,100.23875,-12.18225,6.92,B2III,0.03,,,,oui
HD 48097 ,100.601363416667,17.6453088333333,5.21,A2V,0.06,0.01,,A2,
HD 48099,100.49666666666666,6.3454194444444445,6.37,O5V((f))z+O9:V,-0.05,,,,oui
HD 48250 ,101.558875791667,59.4416729722222,4.87,A3V,0.08,0.0,,A3,
HD 48250A,101.558958333333,59.4416944444444,5.3,"A1,5V",0.0,-0.02,,"A1,5",
HD 48279,100.66875,1.7161694444444444,7.86,O8V+F2V,0.17,,,,oui
HD 483,2.330833333333333,17.533919444444447,7.05,G2III,0.64,,,,oui
HD 48329,100.98291666666665,25.131138888888888,2.98,G8Ib,1.41,,,,oui
HD 48434,100.91083333333333,3.932530555555555,5.9,B0II,-0.02,,,,oui
HD 4853  ,13.7211966666667,83.7074393888889,5.59,A4V,0.09,-0.03,,A4,
HD 48691,101.15249999999999,0.5893111111111111,7.87,B5/7Ib,0.01,,,,oui
HD 48737,101.32249999999998,12.895580555555554,3.36,F5IV-V,0.43,,,,oui
HD 48843,101.47583333333333,12.693561111111112,6.47,A9III,0.33,,,,oui
HD 48879,102.73791666666666,67.57193888888888,5.12,B4IV,-0.16,,,,oui
HD 48915 ,101.287155333333,-16.7161158611111,-1.46,A0mA1Va,0.0,-0.01,,A1,oui
HD 48977 ,101.635063416667,8.58715630555556,5.92,B3V,-0.16,0.08,,"B2,5",oui
HD 49147 ,101.662564958333,-10.1073602222222,5.653,"B9,5V",-0.04,0.03,,"B9,5",
HD 49315,101.80999999999997,-16.066469444444444,7.83,B4III,-0.09,,,,oui
HD 49333,101.75616666666666,-21.01538888888889,6.1,B7III,90.0,,,,oui
HD 49340,103.42583333333332,68.88831111111112,5.1,B7III,-0.12,,,,oui
HD 49368,102.09291666666665,5.5416694444444445,7.78,S3/2,1.75,,,,oui
HD 49434,102.07958333333332,-1.3189194444444445,5.73,F0V+,0.28,,,,oui
HD 49606,102.45749999999998,16.20288888888889,5.87,B7III,-0.15,,,,oui
HD 49662,102.24058333333332,-15.144730555555554,5.3,B7IV,90.0,,,,oui
HD 49676,102.50916666666664,12.058111111111112,6.85,M4,1.79,,,,oui
HD 49864,102.50333333333332,-12.96375,7.99,B9.5IV,0.01,,,,oui
HD 49908 ,102.887692708333,21.7611465833333,5.265,A2V,0.01,-0.04,,A2,
HD 50019,103.19708333333334,33.96125,3.6,A2IV,0.1,,,,oui
HD 50123 ,102.5972835,-31.7060578333333,5.743,B6Vnpe,0.088,0.23,,B6,
HD 50138,102.88916666666665,-6.9665,6.67,A1Ib/II,0.01,,,,oui
HD 5015,13.267499999999998,61.12396944444445,4.8,F9V,0.54,,,,oui
HD 50241 ,102.047729666667,-61.9413891111111,3.3,A8VnkA6,0.18,-0.09,,A8,
HD 50255,103.00999999999999,-11.2045,7.43,G4.5V,0.69,,,,oui
HD 50281,103.07499999999999,-5.173719444444445,6.57,K3.5V,1.07,,,,oui
HD 50372,103.24708333333332,2.7435,7.08,K0III,1.14,,,,oui
HD 50420,103.81124999999999,43.91003055555555,6.15,A9IIIa,0.32,,,,oui
HD 50420,103.995458333333,43.91,6.161,A9III,,0.04,s0237,A9,
HD 50445 ,102.926755375,-36.2302726111111,5.949,A3V,0.174,0.09,,A3,
HD 50639,103.43666666666664,-9.515469444444445,7.05,F8.5V,0.54,,,,oui
HD 50643,103.34083333333331,-18.932830555555558,6.12,A3III,0.17,,,,oui
HD 50778,103.5475,-12.038638888888888,4.08,K3/4III,1.43,,,,oui
HD 50806,103.39141666666664,-28.53978888888889,6.04,G5V,0.71,,,,oui
HD 50877,103.53333333333333,-24.184219444444444,3.87,K2Iab,1.73,,,,oui
HD 50973 ,104.404612875,45.0940945555556,4.9,A2Vn,0.035,-0.02,,A2,
HD 51021,104.32708333333333,37.39471944444444,6.5,M3,1.65,,,,oui
HD 51055 ,103.761409875,-20.4048771111111,5.795,A2V,0.045,-0.01,,A2,
HD 51104 ,104.107637583333,9.95657427777778,5.905,B8Vn,-0.089,0.02,,B8,
HD 51199,103.90595833333333,-20.136499999999998,4.66,F1.5V,0.36,,,,oui
HD 51250,104.027875,-14.043469444444444,5.09,K2/3III,1.49,,,,oui
HD 51710,105.12124999999999,42.09068888888889,7.41,G7IV,1.02,,,,oui
HD 51725,104.52958333333332,-9.027280555555556,7.12,M4,1.5,,,,oui
HD 51756,104.61749999999999,-3.023719444444444,7.18,B1/2Ib,-0.1,,,,oui
HD 51823,104.4275,-27.5375,6.23,B2/3V,-0.14,,,,oui
HD 51911,104.96041666666666,15.94111111111111,7.05,G0III,0.81,,,,oui
HD 52018 ,104.649580041667,-25.41415725,5.577,B2V,-0.16,0.08,,B2,
HD 52089,104.65625,-28.972080555555554,1.5,B1.5II,-0.21,,,,oui
HD 52092 ,104.6045635,-34.1117061944444,5.059,B3V,-0.15,0.05,,B3,
HD 52100,105.32083333333331,32.41456111111111,6.55,A9IV,0.27,,,,oui
HD 52266,105.08791666666664,-5.826669444444444,7.23,O9.5IIIn,-0.01,,,,oui
HD 52273,104.91354166666666,-21.602880555555558,6.26,B2III,-0.15,,,,oui
HD 52554,105.60624999999999,17.755530555555556,5.94,M1,1.63,,,,oui
HD 5267  ,13.6467752916667,19.1884169722222,5.79,A1Vn,-0.03,-0.05,,A1,
HD 5268,13.573333333333332,-8.740669444444444,6.16,G8III,0.93,,,,oui
HD 52711,105.87708333333332,29.337080555555556,5.9,G0V,90.0,,,,oui
HD 5286,13.742083333333333,23.628330555555557,5.45,K0IV(e),1.01,,,,oui
HD 52877,105.42958333333331,-27.934830555555557,3.47,K5Ib,1.73,,,,oui
HD 52913 ,105.824648208333,9.13835469444445,5.962,A3Vs,0.134,0.05,,A3,
HD 52918 ,105.728236125,-4.23923269444444,5.0,B2Vn(e),-0.2,0.06,,B1,oui
HD 52976,105.96499999999997,12.59425,5.99,K5,1.57,,,,oui
HD 53244,105.93958333333332,-15.633280555555556,4.12,B8II,-0.12,,,,oui
HD 53329,106.54833333333332,34.47396944444445,5.55,G8IV,0.91,,,,oui
HD 53472,106.54833333333332,24.86013888888889,6.88,K4III,1.48,,,,oui
HD 5357,14.229583333333332,68.77566944444445,6.39,F4III,0.35,,,,oui
HD 53598,106.22333333333331,-20.830080555555554,6.89,K5/M0III,1.68,,,,oui
HD 53791,106.83874999999998,22.703530555555556,7.68,S3.5-6.5/6e,2.21,,,,oui
HD 5382,13.993749999999997,27.20938888888889,6.1,A5IV,0.13,,,,oui
HD 53899,107.05541666666666,33.83238888888889,6.3,K1,1.35,,,,oui
HD 5394,14.17708333333333,60.716750000000005,2.39,B0.5IVpe,-0.1,,,,oui
HD 53974,106.66999999999997,-11.294030555555555,5.39,B0IIIn,0.05,,,,oui
HD 5418,14.037916666666666,13.951969444444444,6.44,G8II,0.98,,,,oui
HD 54197,106.84833333333331,-14.051861111111112,8.93,B2II,0.17,,,,oui
HD 54239 ,104.143637083333,-79.4201928611111,5.459,"B9,5V",0.038,0.11,,"B9,5",
HD 54475 ,106.779492,-40.8932710833333,5.781,B3V,-0.155,0.05,,B3,
HD 5448  ,14.1883837916667,38.4993438888889,3.87,A6V,0.12,-0.02,,A5,oui
HD 54563,107.52791666666666,21.246969444444446,6.4,G9V,90.0,,,,oui
HD 54605,107.09791666666665,-26.39318888888889,1.84,F8Ia,0.68,,,,oui
HD 54716,107.91375,39.32056111111111,4.89,K4III,1.47,,,,oui
HD 54763,107.39916666666666,-15.243169444444444,7.11,A1III,0.17,,,,oui
HD 54801,107.84624999999998,26.856580555555556,5.75,A4IV,0.11,,,,oui
HD 54825,107.875,26.405919444444443,6.7,K0II,1.08,,,,oui
HD 54879,107.53395833333333,-11.802730555555556,7.65,O9.7V,-0.05,,,,oui
HD 54911,107.53708333333333,-15.684750000000001,7.34,B1III,-0.07,,,,oui
HD 54912 ,107.429267125,-25.2310359166667,5.69,B2V,-0.16,0.08,,B2,
HD 55185 ,107.966086583333,-0.492769666666667,4.15,A0IV,-0.01,-0.06,,A2,oui
HD 55383,108.34291666666665,16.158969444444445,5.0,M4III,1.66,,,,oui
HD 5550,14.629583333333331,66.3518111111111,5.97,A0III,-0.02,,,,oui
HD 55523,108.02245833333333,-27.33495,6.91,B4V,-0.14,,,,oui
HD 55589,108.27999999999999,-11.251330555555555,5.75,K4III,1.5,,,,oui
HD 55718 ,108.107595666667,-36.5443843055556,5.97,B3V,-0.14,0.06,,B3,
HD 55730,108.63583333333332,12.115830555555554,5.7,G6III,1.01,,,,oui
HD 5575,14.459166666666665,28.992219444444444,5.44,G6III,1.07,,,,oui
HD 55856,108.45166666666665,-22.90643888888889,6.27,B2IV,-0.13,,,,oui
HD 55879,108.61791666666666,-10.31625,6.03,O9.7III,-0.18,,,,oui
HD 560   ,2.509178875,11.1458133333333,5.537,B9Vn,-0.064,0.01,,B9,
HD 56176,109.26416666666665,26.689469444444445,6.39,G7IV,0.9,,,,oui
HD 56200,109.18541666666665,16.147111111111112,6.75,F4II,0.42,,,,oui
HD 56207,108.92999999999998,-10.58361111111111,5.94,K0III,1.18,,,,oui
HD 56221 ,109.509230708333,40.8833953055556,5.87,A5Vn,0.17,0.02,,A5,
HD 56342 ,108.837797375,-30.6864454444444,5.341,B3V,-0.153,0.05,,B3,
HD 56405 ,109.060639291667,-15.5856916666667,5.454,A1V,0.085,0.07,,A1,
HD 56456 ,108.65891925,-48.2719283333333,4.744,"B8,5V",-0.077,0.03,,"B8,5",
HD 56537 ,109.523249041667,16.54038625,3.56,A4IV,0.11,0.03,,A3,oui
HD 56618,109.14583333333331,-27.881169444444446,4.64,M2III,1.6,,,,oui
HD 56733 ,109.132713083333,-38.3189283333333,5.796,B4V,-0.135,0.04,,B4,
HD 56912,110.06333333333332,31.367219444444444,7.87,M7,1.52,,,,oui
HD 56955,109.55124999999998,-22.339330555555556,6.68,K0II,1.2,,,,oui
HD 56986,110.03083333333332,21.982330555555553,3.53,F2VkF0mF0,0.34,,,,oui
HD 57048,110.03999999999998,16.140330555555554,6.87,G5II,1.07,,,,oui
HD 57060,109.66833333333331,-24.5587,4.95,O7Iafpvar,-0.15,,,,oui
HD 57061,109.67708333333331,-24.95438888888889,4.4,O9II,-0.15,,,,oui
HD 571,2.5799999999999996,46.07228055555556,5.04,F5II,0.4,,,,oui
HD 57103 ,110.716926666667,55.2813986666667,5.78,B8V,-0.07,0.04,,B8,
HD 5715,15.129166666666665,70.983,6.4,A4IV,0.11,,,,oui
HD 57150 ,109.576638958333,-36.7339535833333,4.7,"B2V+,,,",-0.12,0.12,,B2,
HD 57193,109.79129166666664,-25.56588888888889,7.46,B1III,-0.18,,,,oui
HD 57240 ,109.639636083333,-39.2102865,5.249,A1V,0.024,0.0,,A1,
HD 57321,110.0783333333333,-8.549811111111111,8.74,F2II,0.25,,,,oui
HD 57593 ,110.228815666667,-26.9638373611111,5.99,B3V,-0.17,0.07,,"B2,5",oui
HD 57682,110.50874999999998,-8.97938888888889,6.43,O9.2IV,-0.19,,,,oui
HD 57708,110.57749999999999,-2.9791694444444445,6.24,K0III+A3V,0.67,,,,oui
HD 57728,110.75583333333333,15.35895,6.65,G2II,0.92,,,,oui
HD 57749,110.60583333333331,-5.982830555555556,5.82,F2III,0.35,,,,oui
HD 57790,111.21749999999999,44.85191944444445,7.9,F2II,1.17,,,,oui
HD 5788  ,15.0140416666667,44.7111388888889,5.69,A2Vn,-0.01,-0.06,,A2,
HD 58142 ,111.678549458333,49.2115251944445,4.614,A1V,-0.002,-0.02,,A1,
HD 58187,111.24249999999999,11.669530555555555,5.36,A5IV,0.1,,,,oui
HD 58207,111.43166666666666,27.798080555555558,3.79,G9IIIb,1.04,,,,oui
HD 58277,111.12041666666666,-12.201438888888887,7.73,G6II,1.18,,,,oui
HD 58343 ,111.167447541667,-16.2014726111111,5.2,B2Vne,-0.04,0.2,,B2,
HD 58350,111.02374999999999,-29.30311111111111,2.45,B5Ia,-0.08,,,,oui
HD 584,2.62375,57.1655,6.72,B8III,-0.09,,,,oui
HD 58580,111.51416666666665,-4.537361111111111,6.77,B8V,-0.01,,,,oui
HD 58585,111.33333333333333,-21.982580555555554,6.04,A5/7II,0.21,,,,oui
HD 58599,111.67166666666667,11.008830555555555,6.38,B7IV,-0.13,,,,oui
HD 58612,111.35541666666666,-25.217780555555553,5.78,B5III,-0.11,,,,oui
HD 58715 ,111.787673916667,8.28931577777778,2.886,B8Ve,-0.072,0.04,,B8,
HD 58907,111.6695,-23.71261111111111,6.61,A0IV,-0.01,,,,oui
HD 58923,112.00874999999999,6.941969444444445,5.22,F0III,0.23,,,,oui
HD 58972,112.04083333333332,8.925530555555556,4.3,K3-IIIFe-0.5,1.43,,,,oui
HD 58978,111.74783333333332,-23.086019444444442,5.56,B0.5IVe,-0.11,,,,oui
HD 59037 ,112.335173916667,28.11827625,5.06,A4V,0.12,0.01,,A4,oui
HD 59074,111.89375,-18.49188888888889,6.91,B9II,-0.1,,,,oui
HD 59105,112.76458333333332,50.04846944444444,7.78,M2,1.5,,,,oui
HD 59136,111.92891666666667,-22.8592,5.97,B5III,-0.11,,,,oui
HD 59152,112.29708333333332,12.760030555555556,6.58,A5,0.22,,,,oui
HD 59256 ,111.996501,-29.1559010555556,5.544,"B9Vsp,,,",-0.048,0.02,,B9,
HD 59499J,112.213138416667,-31.8484035,5.94,"B3V+,,,",-0.16,0.04,,B3,
HD 59550 ,112.270478708333,-31.456217,5.762,B2V,-0.18,0.06,,B2,
HD 59612,112.494958333333,-23.0243055555556,4.84,A5Ib,,0.09,s0256,A5,
HD 59635 ,112.273727166667,-38.8120656111111,5.391,B5Vp,-0.146,0.01,,B5,
HD 59833,112.83374999999998,-12.527500000000002,7.84,G3/5III,1.04,,,,oui
HD 59881,113.02458333333331,1.9144694444444443,5.23,F0V,0.22,,,,oui
HD 60107 ,113.402006583333,15.8266608055556,5.269,A1Vn,0.051,0.03,,A1,
HD 60136,113.36458333333331,11.011719444444445,6.83,M5,1.63,,,,oui
HD 60179,113.743333333333,31.8883888888889,1.88,A1V,,0.0,s0262,A1,
HD 60179 ,113.649429166667,1.888275,1.93,A1V,-0.31,-0.33,,A1,
HD 60325,113.34249999999999,-14.338311111111112,6.21,B2II,-0.04,,,,oui
HD 60345,113.29083333333332,-24.710719444444443,5.83,A3III,0.15,,,,oui
HD 60357 ,113.56621825,3.371721,5.83,A0Vnn,-0.019,-0.01,,A0,
HD 60522,113.98041666666664,26.89575,4.06,M0III,1.54,,,,oui
HD 60532,113.5133333333333,-22.29605,4.39,F6IV-V,0.55,,,,oui
HD 60553,113.55416666666665,-20.137419444444443,6.92,B2II,-0.17,,,,oui
HD 60584,113.57749999999999,-23.473669444444443,5.77,F5V,0.43,,,,oui
HD 60585,113.5783333333333,-23.474030555555554,5.79,F6V,0.45,,,,oui
HD 60606 ,113.46268225,-36.3383919444444,5.41,B3Vne,-0.09,0.11,,B3,
HD 60654,114.32416666666667,40.02538888888889,6.34,M1,1.59,,,,oui
HD 60848,114.27374999999999,16.904249999999998,6.87,O8:V:pe,-0.2,,,,oui
HD 60863 ,113.84539025,-28.3693259722222,4.63,B7V,-0.11,0.0,,B8,oui
HD 60951,114.03083333333332,-22.1605,6.34,K1II,0.99,,,,oui
HD 60997,114.14999999999998,-14.484030555555554,6.93,B6V,-0.07,,,,oui
HD 61035,114.55999999999997,24.36043888888889,6.37,F0,0.32,,,,oui
HD 61064,114.31958333333333,-4.110969444444444,5.13,F6III,0.44,,,,oui
HD 61068,114.17083333333332,-19.702330555555555,5.7,B2II,-0.17,,,,oui
HD 61071,114.13249999999998,-25.332780555555555,6.85,B2III,-0.09,,,,oui
HD 61110,114.79124999999999,34.58433055555556,4.9,F3III,0.4,,,,oui
HD 6114,15.75625,47.37616944444444,8.31,A9IV,0.12,,,,oui
HD 6118  ,15.7045685416667,31.8042630833333,5.5,B9.5V,-0.05,0.01,,"B9,5",oui
HD 61295,114.97541666666666,32.00971944444444,6.17,F5III,0.36,,,,oui
HD 6130,15.904166666666667,61.07483055555556,6.01,F0II,0.54,,,,oui
HD 61391 ,114.182998708333,-48.8301672222222,5.687,"B9,5V",-0.037,0.03,,"B9,5",
HD 61429,114.57499999999997,-25.364811111111113,4.67,B8III,-0.09,,,,oui
HD 61555 ,114.70575,-26.80180277777778,4.635,B6V,-0.118,0.02,,B6,
HD 61563,115.02916666666667,5.231080555555556,6.07,A0III,-0.05,,,,oui
HD 6178  ,15.6101366666667,-31.5520065833333,5.509,A2V,0.086,0.04,,A2,
HD 61831 ,114.86390975,-38.3080218333333,4.826,"B2,5V",-0.168,0.07,,"B2,5",
HD 6186,15.735833333333332,7.890138888888888,4.28,G9IIIbFe-2,0.96,,,,oui
HD 61878 ,114.932554541667,-38.1392881388889,5.664,B5Vn,-0.075,0.09,,B5,
HD 61887 ,115.3964785,3.62477925,5.955,A0V,-0.032,-0.02,,A0,
HD 61899 ,114.949478458333,-38.2606526944444,5.751,"B2,5V",-0.07,0.17,,"B2,5",
HD 61935,115.31166666666667,-9.55113888888889,3.93,G9.5III-IIIbFe-0.5,1.02,,,,oui
HD 62044,115.82791666666665,28.883499999999998,4.29,K1IIIe,1.12,,,,oui
HD 6211,16.009999999999998,52.50216944444445,5.98,K2,1.46,,,,oui
HD 62158,116.03958333333333,38.837811111111115,7.57,M6,1.51,,,,oui
HD 62226 ,115.315885625,-38.5335323888889,5.41,B5V,-0.113,0.05,,B5,
HD 62578 ,115.799929791667,-36.0500906944444,5.586,B5V,-0.129,0.03,,B5,
HD 62747,116.14249999999998,-24.674080555555555,5.6,B2II,-0.17,,,,oui
HD 62832 ,116.567504583333,10.76825175,5.247,A1Vnn,0.017,0.0,,A1,
HD 6288,15.954166666666664,1.3668305555555555,6.07,A8IV,0.25,,,,oui
HD 62893 ,116.142430541667,-37.9429178055556,5.89,B7V,-0.098,0.03,,B7,
HD 62952,116.48708333333332,-14.563811111111113,5.03,F2V,0.32,,,,oui
HD 63215 ,116.543934333333,-37.9336688333333,5.87,B7V,-0.094,0.04,,B7,
HD 63336,116.98624999999998,-12.1927,5.7,F5.5V,90.0,,,,oui
HD 63630,118.01625,45.933,6.5,A3,0.19,,,,oui
HD 63660,117.25708333333331,-24.9122,5.31,G1.5IIIFe-0.5,0.74,,,,oui
HD 63719,117.38499999999999,-21.28493888888889,7.96,B3/5III,-0.14,,,,oui
HD 63786 ,117.311037916667,-35.24328725,5.933,B9V,-0.051,0.02,,B9,
HD 63975,117.92499999999998,1.766861111111111,5.16,B8II,-0.13,,,,oui
HD 64096,117.94291666666665,-13.898030555555556,5.2,G0V,90.0,,,,oui
HD 64096B,117.94208333333331,-13.902811111111111,6.49,G0V,0.81,,,,oui
HD 64145 ,118.374224583333,26.7657847777778,4.977,A3V,0.1,0.02,,A3,
HD 64484 ,117.420804583333,-66.1959727777778,5.774,B9V,-0.045,0.03,,B9,
HD 64503 ,118.161027625,-38.8628140277778,4.48,"B2,5V",-0.168,0.07,,"B2,5",
HD 6456  ,16.4206469583333,21.47318025,5.317,A1Vn,0.002,-0.02,,A1,
HD 6457  ,16.42379575,21.4654440833333,5.532,A0Vn,-0.048,-0.04,,A0,
HD 64648 ,118.916229375,19.8839703888889,5.378,A0Vs,-0.035,-0.03,,A0,
HD 64740 ,118.265147416667,-49.6130425,4.61,"B1,5Vp",-0.207,0.05,,"B1,5",
HD 64802 ,118.545872208333,-35.8772866944444,5.462,B2V,-0.172,0.07,,B2,
HD 64921,118.89916666666666,-15.578811111111111,6.99,G8/K0V,0.91,,,,oui
HD 6530  ,16.52145175,-9.83935386111111,5.578,A1V,0.008,-0.01,,A1,
HD 65448,120.6283333333333,63.09031111111111,6.4,G1III,0.59,,,,oui
HD 65456 ,119.417110125,-30.3345700833333,4.789,A2Vv,0.138,0.09,,A2,
HD 65460 ,119.240837041667,-43.5004105,5.34,"B2,5V",-0.159,0.08,,"B2,5",
HD 65497,120.78958333333333,65.13578055555556,7.69,G2,0.41,,,,oui
HD 65522,119.89625,13.242169444444444,6.07,K2,1.35,,,,oui
HD 65699,119.77374999999999,-23.31038888888889,5.11,G9IIa,1.12,,,,oui
HD 65810 ,119.966879875,-18.3992303333333,4.613,A1V,0.085,0.07,,A1,
HD 65873 ,120.376201375,16.4553102777778,5.983,"B9,5Vn",-0.01,0.06,,"B9,5",
HD 65900,120.493375,4.87983333333333,5.646,A1V,,0.01,s0288,A1,
HD 65900 ,120.307880708333,4.87982308333333,5.646,A1V,0.012,-0.01,,A1,
HD 65904 ,119.757508708333,-45.2158445555556,5.962,B4V,-0.132,0.05,,B4,
HD 66011,120.46125,8.914,6.21,G0IV,0.57,,,,oui
HD 66242,120.6083333333333,-6.337138888888888,6.33,F8/G0IV,0.6,,,,oui
HD 66306,120.48791666666666,-27.214780555555556,6.86,B7II,-0.06,,,,oui
HD 66441 ,120.208077125,-54.1512747222222,5.84,B5Vn,-0.122,0.04,,B5,
HD 66591 ,120.083194916667,-63.5674561388889,4.797,B3V,-0.149,0.05,,B3,
HD 66664 ,121.268701416667,13.1182154722222,5.146,A1V,0.016,0.0,,A1,
HD 6668,16.803749999999997,-23.996330555555556,6.35,A3III,0.23,,,,oui
HD 6675,17.30458333333333,69.68653055555556,6.94,B0.5III,0.22,,,,oui
HD 6676  ,17.1394445416667,58.2634480555556,5.773,B8V,-0.019,0.09,,B8,
HD 66885,121.13583333333331,-25.69975,6.4,K5/M0III,1.61,,,,oui
HD 66932,121.16166666666665,-29.965999999999998,7.4,M4III,1.52,,,,oui
HD 6695  ,16.9881827916667,20.7391197222222,5.569,A3V,0.114,0.03,,A3,
HD 67006 ,122.114359666667,51.5066681944444,4.802,A2V,0.031,-0.02,,A2,
HD 6706,16.942499999999995,-9.785561111111111,5.71,F5V,0.43,,,,oui
HD 67159,121.60999999999999,-9.240830555555554,6.23,B9III,-0.04,,,,oui
HD 67228,121.94125,21.58181111111111,5.3,G1IVb,0.63,,,,oui
HD 67447,123.2033333333333,68.47408055555556,5.33,G7IIb,1.02,,,,oui
HD 67542,122.39666666666666,29.093080555555556,6.46,G0II,0.79,,,,oui
HD 67767,122.6133333333333,25.507330555555555,5.7,G7V,90.0,,,,oui
HD 67797 ,122.256822541667,-19.2450144722222,4.39,B5V,-0.15,0.02,,B5,oui
HD 67880 ,122.368896791667,-16.2489183888889,5.65,B3/5V,-0.16,0.03,,B4,oui
HD 6798  ,18.0700775,79.6739626388889,5.6,A3V,0.02,-0.06,,A3,
HD 6805,17.147499999999997,-10.182280555555556,3.45,K2-IIIb,1.16,,,,oui
HD 68099,122.81916666666665,9.821219444444445,6.07,B6III,-0.12,,,,oui
HD 6811  ,17.3755234166667,47.2417942777778,4.252,B7Ve,-0.055,0.08,,B7,
HD 68256,123.05541666666664,17.647669444444443,5.79,G0IV-V,0.57,,,,oui
HD 68257,123.05291666666665,17.647780555555556,5.31,F8V,0.54,,,,oui
HD 6829  ,17.6638462916667,68.7786215277778,5.318,A0Vnn,-0.015,0.0,,A0,
HD 68290,122.81791666666665,-12.92711111111111,4.72,G8.5IIIb,0.96,,,,oui
HD 68535,122.95916666666665,-27.523530555555556,7.91,B3II,-0.07,,,,oui
HD 6860,17.432916666666664,35.62056111111111,2.05,M0+IIIa,1.57,,,,oui
HD 68657 ,122.794958208333,-48.4619927777778,5.805,B3V,-0.139,0.06,,B3,
HD 68930,124.45999999999998,59.57113888888889,5.63,A7IV,0.16,,,,oui
HD 6903,17.455,19.658419444444444,5.56,F9IIIa,0.7,,,,oui
HD 69267,124.12875000000001,9.185561111111111,3.52,K4IIIBa0.5:,1.48,,,,oui
HD 693,2.8162499999999997,-15.467969444444444,4.89,F8VFe-0.8CH-0.5,0.49,,,,oui
HD 6953,17.581249999999997,25.45775,5.8,K5III-IIIb,1.48,,,,oui
HD 69562,124.18583333333333,-21.882080555555557,6.96,B3III,-0.14,,,,oui
HD 6960  ,17.8565462916667,64.2026766388889,5.55,B9.5V,-0.06,0.02,,"B9,5",oui
HD 6961  ,17.7756760416667,55.149902,4.33,A7V,0.18,-0.02,,A7,oui
HD 6972,17.9225,65.01886111111111,5.56,B9IV,-0.08,,,,oui
HD 69830,124.59958333333333,-12.632169444444445,5.95,G8:V,0.79,,,,oui
HD 69863 ,123.816332125,-62.9156446666667,5.16,A2V,0.09,0.04,,A2,
HD 70011 ,125.13390125,24.0223110555556,5.93,"B9,5V",-0.06,0.01,,"B9,5",
HD 70060 ,124.638804125,-36.6592886388889,4.4,A8V,0.28,0.01,,A8,
HD 70075,124.84291666666665,-20.16425,6.68,A1IV,0.01,,,,oui
HD 70272,125.70875,43.188138888888886,4.25,K4+III,1.55,,,,oui
HD 70300,125.18958333333332,-14.363111111111111,7.56,A8III,0.29,,,,oui
HD 70313 ,125.952094666667,53.2197115,5.54,A3V,0.12,0.04,,A3,
HD 70442 ,125.33843125,-20.0790545277778,5.582,A3V,0.749,0.67,,A3,
HD 70569 ,125.841000958333,18.3321985277778,5.94,A9V,0.18,-0.12,,A9,oui
HD 70574,125.62583333333333,-6.179169444444445,6.14,A8III,0.22,,,,oui
HD 70889,125.88249999999998,-27.82236111111111,7.09,F9.5V,0.59,,,,oui
HD 70923,126.13874999999999,-1.148611111111111,7.05,G1V,0.6,,,,oui
HD 70930 ,125.632058791667,-48.4903786388889,4.812,B1V,-0.159,0.1,,B1,
HD 71043 ,125.72982425,-52.1237297222222,5.894,A0V,0.016,0.03,,A0,
HD 71099,126.24333333333333,-15.294138888888888,6.76,A4IV,0.16,,,,oui
HD 71115,126.47833333333331,7.5645,5.12,G6III-IIIaFe-1.5,0.93,,,,oui
HD 71148,126.9033333333333,45.653,6.4,G1V,90.0,,,,oui
HD 71155 ,126.415133375,-3.90642161111111,3.9,A0Va,-0.02,-0.01,,A0,oui
HD 71334,126.45624999999997,-29.930580555555558,7.82,G2.5V,0.67,,,,oui
HD 71369,127.56624999999997,60.71816944444445,3.42,G5III:,0.85,,,,oui
HD 71433,126.82208333333332,-6.409719444444445,6.6,F5III/IV,0.51,,,,oui
HD 71459 ,126.466293041667,-42.1530720555556,5.42,B3V,-0.15,0.05,,B3,
HD 71510 ,126.380523958333,-51.7274153888889,5.159,B2Ve,-0.159,0.08,,B2,
HD 71555 ,127.155577458333,14.2108234444444,5.957,A5V,0.181,0.03,,A5,
HD 71766,127.21249999999998,-9.748580555555554,5.99,F3/5III,0.43,,,,oui
HD 71801 ,126.997587083333,-35.1137601388889,5.74,B3V,-0.14,0.06,,B3,
HD 71833,127.2225,-20.950388888888888,6.68,B8II,-0.07,,,,oui
HD 71997,127.36499999999998,-27.332169444444443,6.68,B4V,-0.1,,,,oui
HD 72067 ,127.281529583333,-44.1604142777778,5.81,B2Vne,-0.16,0.08,,B2,
HD 72337 ,126.819815583333,-70.0934845555556,5.512,A0V,-0.019,-0.01,,A0,
HD 72524 ,128.682853416667,36.4196201666667,5.755,A2Vnn,0.048,0.0,,A2,
HD 72617,128.5558333333333,8.452330555555555,6.03,F3IV,0.32,,,,oui
HD 72660,128.743416666667,-2.15155555555556,5.799,A1V,,0.01,s0304,A1,
HD 72660 ,128.506742333333,-2.15155083333333,5.799,A1V,0.006,-0.01,,A1,
HD 72779,128.83083333333335,19.590049999999998,6.56,G0III,0.69,,,,oui
HD 72869,128.6083333333333,-23.826888888888888,7.64,F3/5IV,0.32,,,,oui
HD 73017,129.59249999999997,53.40153055555555,5.64,G9III,0.96,,,,oui
HD 73072 ,128.869590041667,-26.8434888055556,5.957,"A1V+,,,",0.342,0.32,,A1,
HD 73108,130.0533333333333,64.32793888888888,4.61,K1+III,1.17,,,,oui
HD 73143 ,129.2740435,9.65557952777778,5.924,A3V,0.083,0.0,,A3,
HD 73262 ,129.414026125,5.70377936111111,4.137,A1Vnn,0.02,0.0,,A1,
HD 73294,129.59624999999997,20.207330555555554,7.83,F6III-IVs,0.44,,,,oui
HD 73390 ,128.814815125,-58.2247358611111,5.241,"B3V+,,,",-0.125,0.08,,B3,
HD 7344,18.432916666666667,7.5753611111111105,5.19,A7IV,0.26,,,,oui
HD 73495 ,129.467302,-26.25500175,5.242,A0V,-0.03,-0.02,,A0,
HD 73593,130.25458333333333,45.834,5.36,G8IV,0.99,,,,oui
HD 73596,130.07625,31.94188888888889,6.22,F5III,0.39,,,,oui
HD 73752,129.78291666666667,-22.66188888888889,5.17,G3V+K0V,0.83,,,,oui
HD 73752A,129.78,-22.65586111111111,5.37,G3V,0.8,,,,oui
HD 73766,129.9325,-9.58693888888889,7.87,M4III,1.4,,,,oui
HD 73785,130.17999999999998,19.719299999999997,6.84,A7III,0.2,,,,oui
HD 73844,129.97291666666666,-17.302969444444447,6.67,M6III,1.33,,,,oui
HD 7389,19.049583333333327,71.74383888888889,5.86,K5,1.92,,,,oui
HD 73898,129.92708333333334,-29.561080555555556,4.87,G6IIIbCN-0.5,0.91,,,,oui
HD 74063,130.2845833333333,-19.91586111111111,7.56,A5/7IV,0.24,,,,oui
HD 74067 ,130.079892916667,-40.2638731111111,5.2,B9V,-0.01,0.06,,B9,
HD 74071 ,129.849348375,-53.4397675555556,5.437,B5V,-0.13,0.03,,B5,
HD 74196 ,130.072768,-53.0153976944444,5.544,B7Vn,-0.116,0.01,,B7,
HD 74198,130.82125,21.4685,4.65,A1IV,0.02,,,,oui
HD 74228 ,130.801375375,12.6808738055556,5.65,"A3V+,,,",0.39,0.31,,A3,
HD 74273 ,130.272168375,-48.92267975,5.878,"B1,5V",-0.182,0.08,,"B1,5",
HD 74280 ,130.806145791667,3.39866297222222,4.3,B3V,-0.2,0.0,,B3,
HD 74333,130.7820833333333,-12.421938888888889,7.8,F3/5IV,90.0,,,,oui
HD 74405 ,129.771506041667,-70.3867451666667,5.189,A0V,0.012,0.02,,A0,
HD 74455 ,130.567473833333,-48.0990905277778,5.463,"B1,5Vn",-0.169,0.09,,"B1,5",
HD 7449,18.622083333333332,-5.0473888888888885,7.48,F9.5V,0.6,,,,oui
HD 74591,131.25541666666666,5.680580555555556,6.13,A6V,0.19,,,,oui
HD 74811,131.78041666666667,28.16181111111111,6.6,G2IV,0.66,,,,oui
HD 74873 ,131.733411208333,12.1099505833333,5.893,A1V,0.112,0.09,,A1,
HD 74874,131.69375,6.418811111111111,3.38,G1III+A8V,0.68,,,,oui
HD 74988 ,131.812444041667,-1.89703194444444,5.279,A3V,0.055,-0.03,,A3,
HD 75137 ,132.108210708333,5.83781341666667,4.343,A0Vn,-0.016,-0.01,,A0,
HD 75306,132.06083333333333,-28.63881111111111,6.49,M5III,1.37,,,,oui
HD 75311 ,131.677288666667,-56.7697756111111,4.51,B3Vne,-0.19,0.01,,B3,
HD 75416 ,130.331306083333,-78.9633601944445,5.455,B8V,-0.094,0.02,,B8,
HD 75486,133.34416666666664,61.96228055555556,5.74,F2III,0.29,,,,oui
HD 75495,132.4370833333333,-21.048450000000003,6.5,A6IV,0.2,,,,oui
HD 75528,132.75624999999997,15.350638888888888,6.36,G1V,0.66,,,,oui
HD 75547,132.42666666666665,-28.255919444444444,7.43,B9.5IV,0.03,,,,oui
HD 75691,132.63291666666666,-27.709830555555556,4.01,K2.5III,1.26,,,,oui
HD 75721,132.69666666666666,-26.118330555555556,7.75,G2II,0.9,,,,oui
HD 75732,133.14916666666667,28.33081111111111,6.0,K0IV-V,90.0,,,,oui
HD 75896,133.4820833333333,35.538311111111106,6.13,A4III,0.05,,,,oui
HD 75958,134.1558333333333,64.60383888888889,5.56,G7IIIb,0.9,,,,oui
HD 75959,133.56125,30.57911111111111,7.08,G7III,0.48,,,,oui
HD 76151,133.57458333333332,-5.434469444444445,6.0,G2V,0.67,,,,oui
HD 76161 ,133.160855208333,-48.3591020833333,5.889,B3Vn,-0.136,0.06,,B3,
HD 76291,134.20833333333331,45.63163888888889,5.71,K1IV,1.13,,,,oui
HD 76292,134.12708333333333,40.20146944444445,5.88,F3III,0.36,,,,oui
HD 76398,134.23583333333335,32.91041944444444,5.44,A7IV,0.16,,,,oui
HD 7647,19.271249999999995,44.902,6.11,K5,1.61,,,,oui
HD 76543,134.3120833333333,15.32275,5.22,A5III,0.15,,,,oui
HD 76644 ,134.801890083333,48.0418261388889,3.14,A6,0.19,0.03,,A7,oui
HD 76805 ,134.0802625,-52.7234748055556,4.699,B5V,-0.114,0.05,,B5,
HD 76827,135.63624999999996,67.6296111111111,4.76,M3IIICa1,1.53,,,,oui
HD 76943,135.14999999999998,41.78333055555555,3.96,F3V+G5V,0.43,,,,oui
HD 77104 ,135.350539791667,32.2522956666667,5.87,A2V,0.07,0.02,,A2,
HD 77246,137.80291666666665,80.82891944444444,6.35,F2,0.36,,,,oui
HD 77309 ,136.001666166667,54.2838836388889,5.74,A2V,0.02,-0.03,,A2,
HD 77327 ,135.906365083333,47.1565247222222,3.55,A1Vn,0.0,-0.02,,A1,oui
HD 7733,19.557916666666664,57.80316944444444,6.52,M4II,1.53,,,,oui
HD 77350,135.6845833333333,24.452919444444444,5.45,A0III,-0.04,,,,oui
HD 77391,135.71124999999998,22.25856111111111,7.93,G6IV,1.03,,,,oui
HD 77475 ,135.336921041667,-41.8642536111111,5.541,B5V,-0.124,0.04,,B5,
HD 7804  ,19.449819625,3.614468,5.145,A3V,0.073,-0.01,,A3,
HD 78154,137.5979583333333,67.13403055555557,4.8,F7V,0.49,,,,oui
HD 78209,137.245708333333,51.6046111111111,4.5,Am,,0.0,s0336,Am,
HD 78556,137.17583333333332,-8.589530555555557,5.61,B9V,-0.07,,,,oui
HD 78676,137.18124999999998,-26.767611111111112,6.14,A4IV,0.17,,,,oui
HD 78732,137.39833333333334,-8.787638888888889,5.46,K0II/III,1.01,,,,oui
HD 7896,19.579166666666666,-23.499830555555558,7.92,G6/8IV,0.79,,,,oui
HD 79028,138.58541666666662,61.42331111111111,5.2,G0V,0.51,,,,oui
HD 79096,138.07291666666666,14.996030555555555,6.51,G9V,0.73,,,,oui
HD 79210,138.59499999999997,52.686611111111105,7.6,K7V,90.0,,,,oui
HD 79211,138.60291666666663,52.686388888888885,7.7,M0V,90.0,,,,oui
HD 79416 ,138.127178416667,-43.6132603055556,5.562,"B8Vsp,,,",-0.102,0.01,,B8,
HD 79439 ,139.047199333333,54.0218577222222,4.8,A6V,0.19,0.04,,A5,oui
HD 79469 ,138.591083625,2.314262,3.9,B9.5V+DA1.6,90.0,0.01,,"B9,5",oui
HD 79621 ,138.393556083333,-47.3384054722222,5.905,B9Ve,-0.038,0.03,,B9,
HD 7964  ,19.8666370416667,27.2640598611111,4.752,A3V,0.048,-0.03,,A3,
HD 79735 ,138.602020083333,-43.2274921111111,5.237,B4V,-0.132,0.05,,B4,
HD 79763 ,139.379912583333,46.8172286666667,5.953,A1V,0.059,0.04,,A1,
HD 80024 ,139.607954166667,35.36407575,5.94,A8V,0.17,-0.1,,A8,oui
HD 80081 ,139.711016,36.8025925277778,3.92,A1V,0.04,-0.02,,A3,oui
HD 8019,19.936249999999998,6.161888888888889,7.88,M4,1.54,,,,oui
HD 80493,140.26375,34.392561111111114,3.14,K6III,1.55,,,,oui
HD 80874,140.3733333333333,-25.965438888888887,4.72,M0.5IIIBa0.5,1.61,,,,oui
HD 80950 ,139.36487175,-74.7345906944445,5.867,A0V,-0.016,-0.01,,A0,
HD 80951 ,139.354878375,-74.8943196111111,5.29,A1V,0.02,0.0,,A1,
HD 80971,140.62249999999997,-17.894030555555556,6.8,F3III,0.4,,,,oui
HD 81009,140.745041666667,-9.83880555555556,6.516,A5spe..,,0.1,s0344,A5,
HD 81025,141.23208333333332,51.573888888888895,6.37,G2III,0.77,,,,oui
HD 81169,140.80124999999998,-28.83386111111111,4.68,G8.5IIIbFe-1,0.91,,,,oui
HD 81265,141.37249999999997,30.49318888888889,7.8,G7IV,90.0,,,,oui
HD 8129,20.125416666666663,-19.949030555555556,7.59,G7V,0.7,,,,oui
HD 81688,142.16666666666666,45.60146944444445,5.39,K0III,1.0,,,,oui
HD 81704,142.17583333333332,45.582638888888894,7.72,F9IV,0.67,,,,oui
HD 81809,141.94499999999996,-6.071188888888889,5.4,G1.5IV-V,0.62,,,,oui
HD 81809A,141.95,-6.066669444444444,5.56,G5V Fe-1 CH-0.8,0.64,,,,oui
HD 81830 ,141.363474833333,-61.9504790277778,5.781,A4V,0.14,0.02,,A4,
HD 81848 ,141.5748265,-53.3789084722222,5.088,B6V,-0.101,0.04,,B6,
HD 81858,142.11416666666665,9.056780555555557,5.4,G1V,90.0,,,,oui
HD 81937,142.88208333333333,63.06186111111111,3.67,F0IV,0.33,,,,oui
HD 81997,142.2870833333333,-2.7689694444444446,4.6,F5V,0.46,,,,oui
HD 81997B,142.28833333333333,-2.750811111111111,7.15,K0,0.87,,,,oui
HD 82017,142.16166666666663,-25.43356111111111,7.12,A3/5III,0.22,,,,oui
HD 82023,143.97625,14.380280555555556,9.1,A0V,0.1,,,,oui
HD 82074,142.38499999999996,-4.246638888888889,6.26,G8III/IV,0.84,,,,oui
HD 8209,20.5525,43.58411111111111,6.68,B5,-0.13,,,,oui
HD 82308,142.93,22.967969444444442,4.31,K4.5III,1.54,,,,oui
HD 82328,143.21416666666664,51.67731111111111,3.18,F7V,0.46,,,,oui
HD 82406 ,142.12727725,-66.70187775,5.9,A0V,0.015,0.02,,A0,
HD 82419 ,142.521291208333,-51.5171637777778,5.46,B8V,-0.07,0.04,,B8,
HD 82446 ,142.995530375,-1.18466386111111,4.555,A3V,0.104,0.02,,A3,
HD 82573,143.08499999999998,-19.400299999999998,5.74,A4III,0.14,,,,oui
HD 82621 ,143.705969125,52.0514768055556,4.46,A0Vn,0.04,-0.01,,A2,oui
HD 82670,143.49624999999997,23.453919444444445,6.25,K7III,1.46,,,,oui
HD 82741,143.76583333333335,39.6215,4.8,G9.5IIIbFe-1,0.99,,,,oui
HD 82747 ,143.358547958333,-22.8638850833333,5.911,"B9,5V",0.029,0.1,,"B9,5",
HD 82886,143.93833333333333,34.78075,7.63,G0,0.86,,,,oui
HD 83126,144.86624999999998,67.27221944444445,5.95,K5,1.55,,,,oui
HD 83273,144.45791666666668,24.670280555555557,6.6,G0III,0.56,,,,oui
HD 83446 ,144.206416833333,-49.3550244722222,4.345,A7V,0.167,-0.03,,A7,
HD 83520 ,144.302716416667,-53.6685094444444,5.467,"A2,5V",0.125,0.08,,"A2,5",
HD 83572,144.75041666666664,-17.624169444444444,6.72,A9IV,0.24,,,,oui
HD 83618,144.96416666666667,-1.142811111111111,3.91,K2.5III,1.32,,,,oui
HD 8375,20.906249999999996,34.24588888888889,6.3,G8IV,90.0,,,,oui
HD 83787,145.39624999999998,31.27781111111111,5.84,K6III,1.58,,,,oui
HD 83808 ,145.287637708333,9.89230838888889,3.52,F8-G0III+A7m,0.49,0.31,,A5,oui
HD 8388,20.853749999999998,20.468969444444443,5.97,K5,1.7,,,,oui
HD 83953 ,145.320863833333,-23.5915148333333,4.76,B5V,-0.11,0.04,,B5,oui
HD 83979 ,143.472400375,-80.9412593611111,5.06,B5V,-0.133,0.03,,B5,
HD 841,3.2549999999999994,62.72808888888889,7.79,F2I,1.1,,,,oui
HD 84107,145.88875,29.97446944444444,5.62,A2IV,0.11,,,,oui
HD 84117,145.55999999999997,-23.91556111111111,4.94,F9V,0.53,,,,oui
HD 84228 ,145.449696291667,-55.2137602777778,5.98,B4V,-0.11,0.07,,B4,
HD 84441,146.46291666666664,23.77425,2.98,G1IIIa,0.81,,,,oui
HD 84607,146.59833333333333,1.7855805555555555,5.64,F0/2IV,0.34,,,,oui
HD 84800,147.18583333333333,43.665438888888886,7.9,A2II,0.1,,,,oui
HD 84999,147.7475,59.038719444444446,3.81,F0,0.29,,,,oui
HD 8512,21.00583333333333,-8.18325,3.59,K0IIIb,1.06,,,,oui
HD 85235,148.02666666666664,54.06433055555555,4.56,A3IV,0.04,,,,oui
HD 85235,148.244375,54.0643055555555,4.56,A3IV,,0.0,s0364,A3,
HD 85364,147.8083333333333,-4.243361111111112,6.02,A4V,0.16,,,,oui
HD 85376,147.9708333333333,24.39536111111111,5.3,A5IV,90.0,,,,oui
HD 8538,21.454166666666662,60.235280555555555,2.68,A5IV,0.13,,,,oui
HD 85444,147.8695833333333,-14.846611111111113,4.11,G7III,0.92,,,,oui
HD 85461,147.92166666666665,-11.3405,6.52,M2III,1.62,,,,oui
HD 85503,148.19083333333333,26.00695,3.88,K2IIIbCN1Ca1,1.22,,,,oui
HD 85558 ,148.126821958333,-8.10503525,5.081,A2V,0.038,-0.01,,A2,
HD 85725,148.24166666666667,-27.332169444444443,6.29,G1V,0.61,,,,oui
HD 85795,148.92916666666662,49.81983055555556,5.27,A3III,0.06,,,,oui
HD 8583,21.420416666666664,47.11853055555556,7.59,G4III,0.97,,,,oui
HD 85904,148.75249999999997,-0.18225,7.98,M2III,1.55,,,,oui
HD 85980 ,148.573561791667,-45.2835154166667,5.71,B3V,-0.11,0.09,,B3,
HD 86029,148.93749999999997,-8.836500000000001,6.67,Fm_dD,0.32,,,,oui
HD 86087 ,148.713465416667,-50.2439603333333,5.712,A0V,0.004,0.01,,A0,
HD 8634,21.398749999999996,23.511530555555556,6.19,F6V,0.44,,,,oui
HD 86360,149.5558333333333,12.444811111111111,5.26,B6IV,-0.05,,,,oui
HD 86663,150.0533333333333,8.044219444444444,4.7,M2-III,1.6,,,,oui
HD 87015,150.70416666666665,21.94925,5.66,B2V,-0.18,,,,oui
HD 87243,151.29333333333332,52.37131111111111,6.35,A5IV,0.12,,,,oui
HD 87504 ,151.281120333333,-13.0646266944444,4.59,B8V,-0.09,0.03,,B8,oui
HD 87696 ,151.857345666667,35.2446934722222,4.49,A7V(n),0.18,-0.02,,A7,oui
HD 87737,151.83333333333334,16.762669444444445,3.41,A0Ib,-0.02,,,,oui
HD 87737,151.992541666667,16.7626944444444,3.511,A0Ib,,0.0,s0371,A0,
HD 87837,151.97625,9.997499999999999,4.38,K3.5IIIbFe-1:,1.44,,,,oui
HD 87883,152.1795833333333,34.24225,7.55,K0V,0.99,,,,oui
HD 87887,151.98458333333332,-0.37163888888888885,4.49,A0III,-0.04,,,,oui
HD 87901,152.09291666666664,11.9672,1.4,B8IVn,-0.16,,,,oui
HD 8791,21.77333333333333,25.43975,7.21,K3II,1.54,,,,oui
HD 88133,152.5320833333333,18.18686111111111,7.82,G8V,90.0,,,,oui
HD 88195 ,152.531414916667,-8.40816541666667,5.9,A1V,0.016,0.0,,A1,
HD 88230,152.84208333333333,49.45425,6.61,K6VeFe-1,1.33,,,,oui
HD 88270,152.78583333333333,20.69613888888889,6.64,sdF2,90.0,,,,oui
HD 88284,152.6470833333333,-12.354080555555555,3.61,K0IIIbCN0.5,1.0,,,,oui
HD 886,3.3091666666666666,15.183580555555556,2.84,B2IV,-0.23,,,,oui
HD 88639,153.45708333333332,27.13581111111111,6.05,G3IIIbFe-1,0.83,,,,oui
HD 88824 ,153.345182333333,-51.2329698333333,5.278,A7V,0.242,0.04,,A7,
HD 88960 ,154.060133375,29.3105027777778,5.49,A0Vn,0.019,0.03,,A0,
HD 88983,154.50833333333333,65.10836111111111,5.76,A8III,0.15,,,,oui
HD 88987,154.06666666666666,17.740330555555555,6.59,A9IV,0.3,,,,oui
HD 89021,154.27416666666664,42.91436111111111,3.45,A1IV,0.03,,,,oui
HD 89025,154.17249999999999,23.4173,3.41,F0IIIa,0.31,,,,oui
HD 89254,154.4075,-8.068919444444445,5.24,F0IV,0.32,,,,oui
HD 89307,154.58874999999998,12.621111111111112,7.0,G0V,90.0,,,,oui
HD 89343 ,155.263919625,68.7476519166667,5.9,A7Vn,0.24,0.04,,A7,
HD 89449,154.93416666666664,19.470919444444444,4.8,F6IV-V,90.0,,,,oui
HD 89455,154.82041666666666,-12.52813888888889,6.03,A8III,0.24,,,,oui
HD 89461 ,154.617683791667,-41.6684888611111,5.961,B9V,-0.06,0.01,,B9,
HD 89484,154.9933333333333,19.8415,1.98,K1-IIIFe-1,1.15,,,,oui
HD 895,3.349583333333333,26.987561111111113,6.28,F8V,0.67,,,,oui
HD 89565,154.99791666666664,-9.059000000000001,6.31,F0V,0.31,,,,oui
HD 89715 ,154.771135625,-64.6762576388889,5.67,A1V,0.05,0.03,,A1,
HD 89744,155.54416666666665,41.229530555555556,6.7,F7V,90.0,,,,oui
HD 89758,155.58208333333332,41.49953055555556,3.05,M0III,1.59,,,,oui
HD 89904 ,155.776370541667,33.9081420833333,5.9,A5IVn,0.14,-0.03,,A6,oui
HD 90043,155.8683333333333,-0.90225,6.44,K0IV,0.96,,,,oui
HD 90068,156.0925,34.17638888888889,7.03,M6III,1.47,,,,oui
HD 90125,156.05499999999998,2.3680305555555554,6.31,K0/1III,0.99,,,,oui
HD 90132 ,155.872066166667,-38.0098380277778,5.342,A8V,0.227,-0.04,,A8,
HD 90264 ,155.74227525,-66.9014973055556,4.954,B8V,-0.116,-0.01,,B8,
HD 90277,156.4783333333333,33.79611111111111,4.72,F0VmF3/4,0.26,,,,oui
HD 90432,156.52249999999998,-16.836280555555554,3.81,K4III,1.48,,,,oui
HD 90745,157.61083333333332,64.2577,6.09,A7III,0.16,,,,oui
HD 90839,157.6567083333333,55.98053055555556,4.9,F8V,90.0,,,,oui
HD 90840 ,157.526868541667,38.9251311944444,5.793,A4V,0.081,-0.04,,A4,
HD 90874 ,156.85534775,-65.7046634166667,5.999,A2V,0.096,0.05,,A2,
HD 90882 ,157.369592583333,-2.7390795,5.18,B9V,-0.05,0.03,,"B9,5",oui
HD 90994 ,157.572833958333,-0.637027277777778,5.1,B5IV/V,-0.14,0.02,,B6,oui
HD 9100,22.470416666666665,18.355669444444445,6.02,A3Vb_lB,0.14,,,,oui
HD 91130,157.96416666666667,32.37956111111111,5.91,A0Va-,0.1,,,,oui
HD 91312,158.30791666666667,40.42556111111111,4.71,A7IV,0.21,,,,oui
HD 9132  ,22.4005644166667,-21.6293381388889,5.111,A0V,0.027,0.04,,A0,
HD 91365 ,158.378796875,34.9886941944444,5.58,A2Vn,0.03,-0.02,,A2,
HD 91375 ,157.583862916667,-71.9927945,4.718,A1V,0.047,0.03,,A1,
HD 91465 ,158.006095708333,-61.6853323055556,3.361,B4Vne,-0.091,0.09,,B4,
HD 91480,158.79041666666666,57.082638888888894,5.15,F1V,0.33,,,,oui
HD 91612,158.7,6.95375,5.07,G8.5IIIFe-1,0.94,,,,oui
HD 91636 ,158.758995541667,8.65042872222222,5.67,A2V,0.05,0.0,,A2,
HD 91840,159.29458333333332,46.548049999999996,7.19,K3II,1.08,,,,oui
HD 92036,159.3070833333333,-27.41263888888889,4.89,M1III:Ba0.5,1.62,,,,oui
HD 92588,160.35083333333333,-1.7415,6.25,G9IV,0.89,,,,oui
HD 9270,22.87083333333333,15.345830555555557,3.62,G7IIIa,0.98,,,,oui
HD 92719,160.55541666666664,-13.787719444444445,6.77,G1.5V,0.64,,,,oui
HD 92728 ,160.930571791667,57.199204,5.788,A0Vs,-0.037,-0.03,,A0,
HD 92769 ,160.757849333333,26.3255803055556,5.517,A4Vn,0.164,0.04,,A4,
HD 92787,160.88708333333332,46.20388888888889,5.2,F5III,90.0,,,,oui
HD 92788,160.70208333333332,-2.18375,7.3,G6V,0.71,,,,oui
HD 92825 ,160.853986291667,23.18840275,5.075,A3Vn,0.041,-0.04,,A3,
HD 92841B,160.83541666666665,4.746830555555555,7.01,K1II-III,1.04,,,,oui
HD 92845 ,160.679945833333,-32.7156726111111,5.627,A0V,0.006,0.02,,A0,
HD 92938 ,160.558835,-64.4664256388889,4.82,B4V,-0.14,0.04,,B4,
HD 93030 ,160.739174875,-64.3944502222222,2.78,B0Vp,-0.24,0.06,,B0,
HD 93064,161.11708333333328,-23.985419444444446,6.63,K2II,1.27,,,,oui
HD 93152 ,161.466227875,30.6823129444444,5.349,A1Vn,-0.047,-0.07,,A1,
HD 93163 ,160.963304791667,-64.2490411111111,5.754,"B2,5V",-0.018,0.22,,"B2,5",
HD 93194 ,161.028814541667,-63.9610704166667,4.786,B5Vn,-0.127,0.03,,B5,
HD 93397 ,161.716894708333,-17.296874,5.44,A3V,0.09,0.01,,A3,
HD 93521,162.09791666666666,37.5703,7.03,O9.5IIInn,-0.24,,,,oui
HD 93540 ,161.568990125,-64.5145598055556,5.327,B6V,-0.097,0.04,,B6,
HD 93657 ,162.058796791667,-31.68784825,5.872,A1V,0.026,0.01,,A1,
HD 93702 ,162.314294041667,10.5452019444444,5.314,A2V,0.034,-0.02,,A2,
HD 93813,162.40624999999997,-16.193638888888888,3.11,K1.5IIIHdel-0.5,1.24,,,,oui
HD 93905 ,162.487572333333,-34.0581818611111,5.605,A1V,0.038,0.02,,A1,
HD 94014,162.77249999999998,-3.0926694444444447,5.94,K4/5III,1.49,,,,oui
HD 9407,23.638749999999998,68.94813055555557,6.5,G6.5V,90.0,,,,oui
HD 94132,163.37791666666664,69.85388888888889,5.9,G9IV,90.0,,,,oui
HD 94264,163.32791666666665,34.21486111111111,3.83,K0+III-IV,1.04,,,,oui
HD 94310,163.23583333333335,-17.27713888888889,7.13,G6V,0.67,,,,oui
HD 94480,163.67583333333332,25.490719444444444,6.19,A8V,0.29,,,,oui
HD 94601,163.9033333333333,24.7498,4.48,A1V,0.0,,,,oui
HD 94601 ,163.903429166667,-4.7498,4.5,A1V,0.01,-0.01,,A1,
HD 94650J,163.425326875,-70.7203375277778,5.99,B6V,-0.02,0.12,,B6,
HD 94672,163.92666666666665,0.7369194444444443,5.93,F3/5V,0.42,,,,oui
HD 94705,164.00624999999997,6.185361111111112,5.78,M5.5III:,1.46,,,,oui
HD 94985 ,164.282697708333,-50.7650163611111,5.909,A4V,0.16,0.04,,A4,
HD 95089,164.69874999999996,1.7292194444444446,7.95,G8/K0IV,0.95,,,,oui
HD 95128,164.86666666666662,40.43025,5.05,G1-VFe-0.5,90.0,,,,oui
HD 95272,164.94374999999997,-18.298780555555556,4.07,K0IIIb,1.09,,,,oui
HD 9531,23.569166666666664,37.23713888888889,5.91,B9IV,-0.1,,,,oui
HD 95347 ,164.9974085,-43.8071108055556,5.8,"B8,5V",-0.064,0.05,,"B8,5",
HD 95382,165.18666666666664,6.101438888888889,4.98,A5III,0.16,,,,oui
HD 9540,23.315833333333334,-24.177969444444447,6.96,K0V,0.76,,,,oui
HD 95418 ,165.460318916667,56.3824260833333,2.37,A1IVps,-0.02,0.01,,A1,oui
HD 9546,23.85125,63.08196944444445,6.69,K1V,1.0,,,,oui
HD 95578,165.45708333333332,-2.4845805555555556,4.75,M0III,1.62,,,,oui
HD 9562,23.42833333333333,-7.025330555555556,5.76,G1V,0.64,,,,oui
HD 95725,165.79791666666665,28.93013888888889,7.07,K1II,1.04,,,,oui
HD 95735,165.83416666666668,35.969861111111115,7.52,M2+V,1.44,,,,oui
HD 95939,165.97583333333333,-19.64993888888889,6.64,A9IV,0.2,,,,oui
HD 96063,166.18541666666664,-2.5132194444444442,8.25,G6V,0.84,,,,oui
HD 96146 ,166.22580575,-35.8046771111111,5.424,A2V,0.019,-0.03,,A2,
HD 96167,166.31291666666664,-10.291311111111112,8.08,G3V,0.74,,,,oui
HD 96202,166.33291666666665,-27.29361111111111,4.91,F3IV/V,0.37,,,,oui
HD 96706 ,166.707871958333,-70.8779303055556,5.57,B2V,-0.05,0.19,,B2,
HD 9672  ,23.6574118333333,-15.6763605277778,5.619,A1V,0.062,0.04,,A1,
HD 96738,167.2045833333333,24.658469444444442,5.7,A0IV,0.06,,,,oui
HD 96819 ,167.183331416667,-28.0806701944444,5.431,A1V,0.066,0.05,,A1,
HD 96833,167.41583333333332,44.4985,3.01,K1III,1.14,,,,oui
HD 97023 ,167.472471291667,-32.3675291111111,5.779,A2V,0.036,-0.01,,A2,
HD 97277 ,167.914532625,-22.8258498055556,4.45,A1V,0.03,0.01,,A1,oui
HD 97583 ,168.188361125,-64.1697711111111,5.216,B8V,-0.073,0.04,,B8,
HD 97585 ,168.439806083333,-0.069505611111111,5.399,A0V,-0.02,-0.01,,A0,
HD 976,3.5374999999999996,26.25881111111111,6.99,F7IV,0.52,,,,oui
HD 97603 ,168.52708925,20.5237181388889,2.53,A5IV(n),0.15,0.03,,A4,oui
HD 97633,168.744,15.4296111111111,3.324,A2V,,0.01,s0403,A2,
HD 97633 ,168.560018583333,15.4295705833333,3.35,A2IV,-0.02,-0.04,,A2,oui
HD 9766,23.943333333333335,14.661419444444444,6.22,B9.5III,-0.04,,,,oui
HD 97670 ,168.378263333333,-59.6193181666667,5.732,"B1,5V",-0.105,0.16,,"B1,5",
HD 98218,169.44624999999996,-22.14586111111111,7.42,M6III,1.29,,,,oui
HD 98230,169.54541666666665,31.528888888888886,4.77,G2V,0.64,,,,oui
HD 98231,169.54541666666665,31.529169444444445,4.25,F8.5:V,0.54,,,,oui
HD 9826,24.199166666666663,41.40546944444444,4.1,F9V,0.54,,,,oui
HD 98262,169.6195833333333,33.09431111111111,3.49,K3-III:,1.4,,,,oui
HD 98353 ,169.782915208333,38.1855634722222,4.8,A2V,0.1,0.05,,A2,
HD 98430,169.83499999999998,-14.778530555555557,3.56,G9IIICH0.5,1.11,,,,oui
HD 9847,23.97125,-17.532469444444445,7.17,G6IV,0.7,,,,oui
HD 98499,170.22416666666663,67.10071944444444,6.2,G8,1.03,,,,oui
HD 98664 ,170.284139541667,6.02932527777778,4.044,"B9,5Vs",-0.048,0.02,,"B9,5",
HD 98718 ,170.251692291667,-54.4910181666667,3.9,B5Vn,-0.16,0.0,,B5,
HD 9889,24.18125,7.831530555555555,6.42,M0,1.58,,,,oui
HD 98991,170.84124999999997,-18.779969444444443,5.09,F5III,0.42,,,,oui
HD 99028,170.98125,10.5295,4.1,F3V,90.0,,,,oui
HD 99073,171.14374999999998,48.605780555555555,6.77,M2,1.58,,,,oui
HD 99104 ,170.839168125,-64.9547141388889,5.11,B5V,-0.08,0.08,,B5,
HD 99211 ,171.220515083333,-17.6840083333333,4.08,A7V(n),0.21,0.01,,A7,
HD 9927,24.49833333333333,48.62821944444445,3.57,K3-IIICN0.5,1.28,,,,oui
HD 99492,171.69291666666663,3.0063305555555555,7.53,K3,1.02,,,,oui
HD 99556 ,171.647573875,-61.1151674722222,5.54,B5V,-0.1,0.06,,B5,
HD 99787 ,172.267174791667,39.3369755277778,5.354,A2V,0.019,-0.03,,A2,
HD 99803 ,172.146166375,-42.6742028611111,5.132,B9V,-0.028,0.04,,B9,
HD 99878,172.31124999999997,-17.35803055555556,7.77,G6/8,0.74,,,,oui
HD 99922,172.42499999999995,-24.466938888888887,5.81,A0V,0.04,,,,oui
HD 99922 ,172.410911625,-24.4640198055556,5.76,A0V,0.07,0.08,,A0,
HD 99998,172.57874999999999,-3.0035,4.77,K3+IIIFe-0.5,1.54,,,,oui
HIP 103981,316.0195833333333,-5.823061111111111,5.7,G4,90.0,,,,oui
HIP 107310,326.0358333333333,28.74263888888889,4.5,F6V+F3V,0.47,,,,oui
HIP 118281,359.8720833333333,33.723888888888894,6.4,G8+G1,90.0,,,,oui
HIP 21986,70.89666666666666,-8.795969444444445,6.7,F2VpSrSi,0.92,,,,oui
HIP 25045,80.44249999999998,-24.772969444444442,5.06,G8/K0II/III+A2/3,0.67,,,,oui
HIP 50583,154.9933333333333,19.8415,2.37,K1-III+G7IIIb,1.42,,,,oui
HIP 55203,169.54541666666665,31.528888888888886,3.79,F8.5:V+G2V,0.59,,,,oui
HIP 56280,173.0683333333333,-29.26118888888889,5.6,F8V+F8V,90.0,,,,oui
HIP 57274,176.1708333333333,30.959280555555555,9.0,K4V,90.0,,,,oui
HIP 64241,197.4970833333333,17.529438888888887,4.32,F5V+F6V,0.45,,,,oui
HIP 78727,241.09249999999994,-11.37293888888889,4.17,F7V,0.47,,,,oui
HIP 80399,246.16583333333327,-29.704669444444445,5.41,G0,0.6,,,,oui
HIP 94336,288.0254166666667,49.84278055555556,5.85,G3V+G2V,0.67,,,,oui
Sun Ganymede,221.4934583333333,-14.837911111111111,-26.8,G2V,0.66,,,,oui
